-- phpMyAdmin SQL Dump
-- version 5.0.2
-- https://www.phpmyadmin.net/
--
-- Máy chủ: 127.0.0.1
-- Thời gian đã tạo: Th10 26, 2021 lúc 06:44 PM
-- Phiên bản máy phục vụ: 10.4.14-MariaDB
-- Phiên bản PHP: 7.4.9

SET SQL_MODE = "NO_AUTO_VALUE_ON_ZERO";
START TRANSACTION;
SET time_zone = "+00:00";


/*!40101 SET @OLD_CHARACTER_SET_CLIENT=@@CHARACTER_SET_CLIENT */;
/*!40101 SET @OLD_CHARACTER_SET_RESULTS=@@CHARACTER_SET_RESULTS */;
/*!40101 SET @OLD_COLLATION_CONNECTION=@@COLLATION_CONNECTION */;
/*!40101 SET NAMES utf8mb4 */;

--
-- Cơ sở dữ liệu: `unimart_shop`
--

-- --------------------------------------------------------

--
-- Cấu trúc bảng cho bảng `advertisements`
--

CREATE TABLE `advertisements` (
  `id` bigint(20) UNSIGNED NOT NULL,
  `name` varchar(255) COLLATE utf8mb4_unicode_ci NOT NULL,
  `img_banner` varchar(255) COLLATE utf8mb4_unicode_ci NOT NULL,
  `creator` varchar(255) COLLATE utf8mb4_unicode_ci DEFAULT NULL,
  `repairer` varchar(255) COLLATE utf8mb4_unicode_ci DEFAULT NULL,
  `disabler` varchar(255) COLLATE utf8mb4_unicode_ci DEFAULT NULL,
  `created_at` timestamp NULL DEFAULT NULL,
  `updated_at` timestamp NULL DEFAULT NULL
) ENGINE=InnoDB DEFAULT CHARSET=utf8mb4 COLLATE=utf8mb4_unicode_ci;

--
-- Đang đổ dữ liệu cho bảng `advertisements`
--

INSERT INTO `advertisements` (`id`, `name`, `img_banner`, `creator`, `repairer`, `disabler`, `created_at`, `updated_at`) VALUES
(10, 'Banner php', 'public/image/advertisements/banner.png', '11', NULL, 'active', '2021-09-28 17:42:24', '2021-09-29 17:49:40'),
(11, 'Banner trại wed', 'public/image/advertisements/banner-2.png', '11', NULL, 'active', '2021-09-28 17:42:52', '2021-09-28 17:42:52'),
(12, 'Banner disable-1 new update', 'public/image/advertisements/dong-ho-2.jpg.jpg', '11', '1', '1', '2021-09-28 17:46:24', '2021-10-12 15:38:02'),
(13, 'banner-disable-2', 'public/image/advertisements/banner-4.jpg', '11', NULL, '4', '2021-09-28 17:46:41', '2021-09-29 17:52:00'),
(19, 'aaaaaaaaaaaaaaaaa', 'public/image/advertisements/1633507551-banner-2.png', '1', NULL, '1', '2021-10-06 08:05:51', '2021-10-10 16:47:57');

-- --------------------------------------------------------

--
-- Cấu trúc bảng cho bảng `customers`
--

CREATE TABLE `customers` (
  `id` bigint(20) UNSIGNED NOT NULL,
  `fullname` varchar(100) COLLATE utf8mb4_unicode_ci NOT NULL,
  `email` varchar(100) COLLATE utf8mb4_unicode_ci NOT NULL,
  `address` varchar(200) COLLATE utf8mb4_unicode_ci NOT NULL,
  `phone` varchar(30) COLLATE utf8mb4_unicode_ci NOT NULL,
  `note` text COLLATE utf8mb4_unicode_ci DEFAULT NULL,
  `subtotal` bigint(20) UNSIGNED NOT NULL,
  `status` varchar(100) COLLATE utf8mb4_unicode_ci NOT NULL,
  `payment_method` varchar(50) COLLATE utf8mb4_unicode_ci NOT NULL,
  `MaKH` varchar(50) COLLATE utf8mb4_unicode_ci NOT NULL,
  `disabler` varchar(50) COLLATE utf8mb4_unicode_ci DEFAULT NULL,
  `created_at` timestamp NULL DEFAULT NULL,
  `updated_at` timestamp NULL DEFAULT NULL
) ENGINE=InnoDB DEFAULT CHARSET=utf8mb4 COLLATE=utf8mb4_unicode_ci;

--
-- Đang đổ dữ liệu cho bảng `customers`
--

INSERT INTO `customers` (`id`, `fullname`, `email`, `address`, `phone`, `note`, `subtotal`, `status`, `payment_method`, `MaKH`, `disabler`, `created_at`, `updated_at`) VALUES
(5, 'Quach Van Wed', 'wedquach1981@gmail.com', 'Thi tran - soc son', '0982106336', NULL, 36970000, 'Thành công', 'online', '1633166918', '11', '2021-10-02 09:28:38', '2021-10-04 09:07:38'),
(7, 'Nguyen Van Dien', 'dien@gmail.com', 'Kim lu-lu', '0922333123', NULL, 31980000, 'Thành công', 'at-home', '1633277831', '11', '2021-10-03 16:17:11', '2021-10-04 09:07:50'),
(8, 'Nguyen Ngoc Duc', 'dien@gmail.com', 'Kim Lu - Soc Son', '0938498298', NULL, 15980000, 'Đã hủy', 'at-home', '1633278481', '11', '2021-10-03 16:28:01', '2021-10-04 09:08:02'),
(11, 'Nguyễn Thị Hương', 'huong@gmail.com', 'Bắc Giang', '0944664844', 'mua hang online', 41970000, 'Chờ xử lý', 'at-home', '1633333583', '1', '2021-10-04 07:46:23', '2021-10-04 09:41:41'),
(14, 'Trần Văn Diễn', 'dien@gmail.com', 'Đông Anh - Hà Nội', '0944644844', 'mua hàng online', 43970000, 'Thành công', 'online', '1633340417', '1', '2021-10-04 09:40:17', '2021-10-04 09:41:30'),
(47, 'Nguyễn Thị Hương', 'wedquach1981@gmail.com', 'Linh Đàm-Hà Nội', '0986466886', NULL, 11990000, 'Chờ xử lý', 'at-home', '1634198526', NULL, '2021-10-14 08:02:06', '2021-10-14 08:02:06'),
(48, 'Nguyễn Thị Liên', 'wedquach1981@gmail.com', 'Đức Hòa-Sóc Sơn-Hà Nội', '0922922422', 'Mua hàng online', 8990000, 'Chờ xử lý', 'online', '1634198811', NULL, '2021-10-14 08:06:51', '2021-10-14 08:06:51'),
(49, 'Lê Thanh Tùng', 'tung@gmail.com', 'Hạ Long - Quảng Ninh', '0934664844', NULL, 16990000, 'Chờ xử lý', 'at-home', '1634199084', NULL, '2021-10-14 08:11:24', '2021-10-14 08:11:24'),
(50, 'Trần Văn Nam', 'nam@gmail.com', 'Hòa Bình-Hà Nội', '0911104994', NULL, 8990000, 'Chờ xử lý', 'online', '1634199358', NULL, '2021-10-14 08:15:58', '2021-10-14 08:15:58'),
(51, 'Trần Thu Hiền', 'hien@gmail.com', 'Việt Trì-Phú Thọ', '0912228688', NULL, 7990000, 'Chờ xử lý', 'at-home', '1634200105', NULL, '2021-10-14 08:28:25', '2021-10-14 08:28:25'),
(52, 'Trần Thị Nhung', 'nhung@gmail.com', 'Phủ Lý-Hà Nam', '0934664884', NULL, 7990000, 'Chờ xử lý', 'at-home', '1634200283', NULL, '2021-10-14 08:31:23', '2021-10-14 08:31:23'),
(53, 'Bùi Tiến Thành', 'thanh@gmail.com', 'Thường Tín - Hà Tây', '0967347667', 'Mua hàng online', 65970000, 'Chờ xử lý', 'online', '1634200589', NULL, '2021-10-14 08:36:29', '2021-10-14 08:36:29'),
(54, 'Nguyễn Minh Hiếu', 'hieu@gmail.com', 'Dức Hòa-Sóc Sơn-Hà Nội', '0945555655', NULL, 91940000, 'Chờ xử lý', 'online', '1634200907', NULL, '2021-10-14 08:41:47', '2021-10-14 08:41:47'),
(55, 'Hà Văn Thái', 'wedquach1981@gmail.com', 'Hoàng Mai-Hà Nội', '0962772994', NULL, 49980000, 'Chờ xử lý', 'at-home', '1634201162', NULL, '2021-10-14 08:46:03', '2021-10-14 08:46:03'),
(56, 'Quách Thị Wed', 'wedquach1981@gmail.com', 'Thạch Thất - Hà Tây', '0964884664', 'Mua hàng online', 18990000, 'Chờ xử lý', 'at-home', '1634201548', NULL, '2021-10-14 08:52:28', '2021-10-14 08:52:28'),
(57, 'Hà Văn Hưng', 'huyhung@gmail.com', 'Hải Dương', '0989129669', NULL, 8990000, 'Chờ xử lý', 'at-home', '1634201718', NULL, '2021-10-14 08:55:18', '2021-10-14 08:55:18'),
(58, 'Tạ Văn Quỳnh', 'quynh@gmail.com', 'Hiền Linh-Sóc Sơn -Hà Nội', '0957994994', 'Mua hàng online', 7990000, 'Chờ xử lý', 'online', '1634201853', NULL, '2021-10-14 08:57:33', '2021-10-14 08:57:33'),
(59, 'Kiem tra lai', 'wedquach1981@gmail.com', 'Ninh Bình', '0982101182', 'kiem tra lai', 15990000, 'Chờ xử lý', 'at-home', '1635146493', NULL, '2021-10-25 07:21:33', '2021-10-25 07:21:33'),
(60, 'Le Thanh Nghi', 'nghi@gmail.com', 'Sóc Sơn - Hà Nội', '0963992122', NULL, 7990000, 'Chờ xử lý', 'online', '1635146994', NULL, '2021-10-25 07:29:54', '2021-10-25 07:29:54'),
(61, 'Bùi Văn Đức', 'duc@gmail.com', 'Hà Nội', '0969869169', NULL, 20980000, 'Chờ xử lý', 'at-home', '1635147152', NULL, '2021-10-25 07:32:32', '2021-10-25 07:32:32');

-- --------------------------------------------------------

--
-- Cấu trúc bảng cho bảng `failed_jobs`
--

CREATE TABLE `failed_jobs` (
  `id` bigint(20) UNSIGNED NOT NULL,
  `connection` text COLLATE utf8mb4_unicode_ci NOT NULL,
  `queue` text COLLATE utf8mb4_unicode_ci NOT NULL,
  `payload` longtext COLLATE utf8mb4_unicode_ci NOT NULL,
  `exception` longtext COLLATE utf8mb4_unicode_ci NOT NULL,
  `failed_at` timestamp NOT NULL DEFAULT current_timestamp()
) ENGINE=InnoDB DEFAULT CHARSET=utf8mb4 COLLATE=utf8mb4_unicode_ci;

-- --------------------------------------------------------

--
-- Cấu trúc bảng cho bảng `migrations`
--

CREATE TABLE `migrations` (
  `id` int(10) UNSIGNED NOT NULL,
  `migration` varchar(255) COLLATE utf8mb4_unicode_ci NOT NULL,
  `batch` int(11) NOT NULL
) ENGINE=InnoDB DEFAULT CHARSET=utf8mb4 COLLATE=utf8mb4_unicode_ci;

--
-- Đang đổ dữ liệu cho bảng `migrations`
--

INSERT INTO `migrations` (`id`, `migration`, `batch`) VALUES
(1, '2014_10_12_000000_create_users_table', 1),
(2, '2014_10_12_100000_create_password_resets_table', 1),
(3, '2019_08_19_000000_create_failed_jobs_table', 1),
(4, '2021_09_26_212206_add_softdelete_to_users_table', 2),
(5, '2021_09_26_233602_create_advertisements_table', 3),
(6, '2021_09_27_010640_create_sliders_table', 4),
(9, '2021_09_27_145949_create_pages_table', 5),
(10, '2021_09_28_001031_create_postcats_table', 6),
(11, '2021_09_28_003637_create_posts_table', 6),
(12, '2021_09_28_154646_create_productcats_table', 7),
(13, '2021_09_28_154743_create_products_table', 7),
(16, '2021_09_29_001659_create_customers_table', 8),
(17, '2021_09_29_001726_create_orders_table', 8),
(18, '2021_09_29_210852_create_roles_table', 8),
(21, '2021_10_11_143828_create_product_colors_table', 9),
(22, '2021_10_11_170348_create_product_company_table', 10);

-- --------------------------------------------------------

--
-- Cấu trúc bảng cho bảng `orders`
--

CREATE TABLE `orders` (
  `id` bigint(20) UNSIGNED NOT NULL,
  `masp` varchar(255) COLLATE utf8mb4_unicode_ci NOT NULL,
  `thumbnail` varchar(255) COLLATE utf8mb4_unicode_ci NOT NULL,
  `name` varchar(255) COLLATE utf8mb4_unicode_ci NOT NULL,
  `price` bigint(20) UNSIGNED NOT NULL,
  `qty` bigint(20) NOT NULL,
  `color` varchar(50) COLLATE utf8mb4_unicode_ci NOT NULL,
  `subtotal` bigint(20) UNSIGNED NOT NULL,
  `payment` varchar(255) COLLATE utf8mb4_unicode_ci NOT NULL,
  `status` varchar(50) COLLATE utf8mb4_unicode_ci NOT NULL,
  `customer_id` bigint(20) UNSIGNED NOT NULL,
  `MaKH` varchar(50) COLLATE utf8mb4_unicode_ci NOT NULL,
  `disabler` varchar(50) COLLATE utf8mb4_unicode_ci DEFAULT NULL,
  `created_at` timestamp NULL DEFAULT NULL,
  `updated_at` timestamp NULL DEFAULT NULL
) ENGINE=InnoDB DEFAULT CHARSET=utf8mb4 COLLATE=utf8mb4_unicode_ci;

--
-- Đang đổ dữ liệu cho bảng `orders`
--

INSERT INTO `orders` (`id`, `masp`, `thumbnail`, `name`, `price`, `qty`, `color`, `subtotal`, `payment`, `status`, `customer_id`, `MaKH`, `disabler`, `created_at`, `updated_at`) VALUES
(9, 'DT008', 'public/image/products/img-pro-11.png', 'HTC U Ultra Sapphire', 10990000, 2, 'đen', 21980000, 'online', 'Thành công', 5, '1633166918', '11', '2021-10-02 09:28:38', '2021-10-04 09:07:38'),
(10, 'LT003', 'public/image/products/img-pro-19.png', 'Laptop Acer ES1 533', 14990000, 1, 'đen', 14990000, 'online', 'Thành công', 5, '1633166918', '11', '2021-10-02 09:28:38', '2021-10-04 09:07:38'),
(13, 'MTB008', 'public/image/products/M-T-B-7.jpg', 'iPad Pro M1 12.9 inch WiFi 128GB (2021)', 14990000, 1, 'đen', 14990000, 'at-home', 'Thành công', 7, '1633277831', '11', '2021-10-03 16:17:11', '2021-10-04 09:07:50'),
(14, 'LT004', 'public/image/products/img-pro-21.png', 'Laptop dell X441NA', 16990000, 1, 'đen', 16990000, 'at-home', 'Thành công', 7, '1633277831', '11', '2021-10-03 16:17:11', '2021-10-04 09:07:50'),
(15, 'LT001', 'public/image/products/img-pro-17.png', 'Laptop Asus X441NA', 8990000, 1, 'đen', 8990000, 'at-home', 'Đã hủy', 8, '1633278481', '11', '2021-10-03 16:28:01', '2021-10-04 09:08:02'),
(16, 'DT003', 'public/image/products/img-pro-16.png', 'Motorola Moto G5S Plus', 6990000, 1, 'đen', 6990000, 'at-home', 'Đã hủy', 8, '1633278481', '11', '2021-10-03 16:28:01', '2021-10-04 09:08:02'),
(23, 'DT001', 'public/image/products/img-pro-08.png', 'Sony Xperia XZ Dual', 11990000, 2, 'xám', 23980000, 'at-home', 'Chờ xử lý', 11, '1633333583', '1', '2021-10-04 07:46:23', '2021-10-04 09:41:41'),
(24, 'LT005', 'public/image/products/img-pro-22.png', 'Laptop Acer Aspire ES1', 17990000, 1, 'trắng', 17990000, 'at-home', 'Chờ xử lý', 11, '1633333583', '1', '2021-10-04 07:46:23', '2021-10-04 09:41:41'),
(29, 'DT007', 'public/image/products/img-pro-12.png', 'Xiaomi Mi A1', 8990000, 1, 'đen', 8990000, 'online', 'Thành công', 14, '1633340417', '1', '2021-10-04 09:40:17', '2021-10-04 09:41:30'),
(30, 'LT005', 'public/image/products/img-pro-22.png', 'Laptop Acer Aspire ES1', 17990000, 1, 'trắng', 17990000, 'online', 'Thành công', 14, '1633340417', '1', '2021-10-04 09:40:17', '2021-10-04 09:41:30'),
(31, 'LT004', 'public/image/products/img-pro-21.png', 'Laptop dell X441NA', 16990000, 1, 'đen', 16990000, 'online', 'Thành công', 14, '1633340417', '1', '2021-10-04 09:40:17', '2021-10-04 09:41:30'),
(86, 'DT001', 'public/image/products/img-pro-08.png', 'Sony Xperia XZ Dual', 11990000, 1, 'xám', 11990000, 'at-home', 'Chờ xử lý', 47, '1634198526', NULL, '2021-10-14 08:02:06', '2021-10-14 08:02:06'),
(87, 'LT001', 'public/image/products/img-pro-17.png', 'Laptop Asus X441NA', 8990000, 1, 'đen', 8990000, 'online', 'Chờ xử lý', 48, '1634198811', NULL, '2021-10-14 08:06:51', '2021-10-14 08:06:51'),
(88, 'LT004', 'public/image/products/img-pro-21.png', 'Laptop dell X441NA', 16990000, 1, 'đen', 16990000, 'at-home', 'Chờ xử lý', 49, '1634199084', NULL, '2021-10-14 08:11:24', '2021-10-14 08:11:24'),
(89, 'MTB006', 'public/image/products/M-T-B-5.jpg', 'Huawei MatePad 64GB (Nền tảng Huawei Mobile Service)', 8990000, 1, 'đen', 8990000, 'online', 'Chờ xử lý', 50, '1634199358', NULL, '2021-10-14 08:15:58', '2021-10-14 08:15:58'),
(90, 'DT002', 'public/image/products/img-pro-09.png', 'Samsung Galaxy A8', 7990000, 1, 'trắng', 7990000, 'at-home', 'Chờ xử lý', 51, '1634200105', NULL, '2021-10-14 08:28:25', '2021-10-14 08:28:25'),
(91, 'DT4', 'public/image/products/img-pro-15.png', 'Samsung Galaxy A5', 7990000, 1, 'xanh', 7990000, 'at-home', 'Chờ xử lý', 52, '1634200283', NULL, '2021-10-14 08:31:23', '2021-10-14 08:31:23'),
(92, 'LT006', 'public/image/products/img-pro-05.png', 'Laptop Lenovo IdeaPad 120S', 21990000, 3, 'trắng', 65970000, 'online', 'Chờ xử lý', 53, '1634200589', NULL, '2021-10-14 08:36:29', '2021-10-14 08:36:29'),
(93, 'DT008', 'public/image/products/img-pro-11.png', 'HTC U Ultra Sapphire', 10990000, 1, 'đen', 10990000, 'online', 'Chờ xử lý', 54, '1634200907', NULL, '2021-10-14 08:41:47', '2021-10-14 08:41:47'),
(94, 'LT003', 'public/image/products/img-pro-19.png', 'Laptop Acer ES1 533', 14990000, 2, 'đen', 29980000, 'online', 'Chờ xử lý', 54, '1634200907', NULL, '2021-10-14 08:41:47', '2021-10-14 08:41:47'),
(95, 'DT009', 'public/image/products/img-pro-10.png', 'iphone 2017', 16990000, 3, 'đen', 50970000, 'online', 'Chờ xử lý', 54, '1634200907', NULL, '2021-10-14 08:41:47', '2021-10-14 08:41:47'),
(96, 'LT007', 'public/image/products/img-pro-23.png', 'Laptop Asus A540UP I5', 24990000, 2, 'đen', 49980000, 'at-home', 'Chờ xử lý', 55, '1634201162', NULL, '2021-10-14 08:46:03', '2021-10-14 08:46:03'),
(97, 'DT10', 'public/image/products/1632908591-img-pro-12.png', 'Vivo Y53s', 18990000, 1, 'đen', 18990000, 'at-home', 'Chờ xử lý', 56, '1634201548', NULL, '2021-10-14 08:52:28', '2021-10-14 08:52:28'),
(98, 'DT007', 'public/image/products/img-pro-12.png', 'Xiaomi Mi A1', 8990000, 1, 'đen', 8990000, 'at-home', 'Chờ xử lý', 57, '1634201718', NULL, '2021-10-14 08:55:18', '2021-10-14 08:55:18'),
(99, 'MTB004', 'public/image/products/M-T-B-4.jpg', 'Lenovo Tab M10 - FHD Plus Lenovo Tab M10 - FHD Plus', 7990000, 1, 'đen', 7990000, 'online', 'Chờ xử lý', 58, '1634201853', NULL, '2021-10-14 08:57:33', '2021-10-14 08:57:33'),
(100, 'MTB009', 'public/image/products/M-T-B-1.jpg', 'iPad 8 Wifi Cellular 32GB (2020', 15990000, 1, 'vàng', 15990000, 'at-home', 'Chờ xử lý', 59, '1635146493', NULL, '2021-10-25 07:21:34', '2021-10-25 07:21:34'),
(101, 'DT002', 'public/image/products/1634283422-img-pro-09.png', 'Samsung Galaxy A8', 7990000, 1, 'trắng', 7990000, 'online', 'Chờ xử lý', 60, '1635146994', NULL, '2021-10-25 07:29:54', '2021-10-25 07:29:54'),
(102, 'DT001', 'public/image/products/1634283114-img-pro-08.png', 'Sony Xperia XZ Dual', 11990000, 1, 'đen', 11990000, 'at-home', 'Chờ xử lý', 61, '1635147152', NULL, '2021-10-25 07:32:32', '2021-10-25 07:32:32'),
(103, 'LT001', 'public/image/products/1634292144-img-pro-17.png', 'Laptop Asus X441NA', 8990000, 1, 'đen', 8990000, 'at-home', 'Chờ xử lý', 61, '1635147152', NULL, '2021-10-25 07:32:32', '2021-10-25 07:32:32');

-- --------------------------------------------------------

--
-- Cấu trúc bảng cho bảng `pages`
--

CREATE TABLE `pages` (
  `id` bigint(20) UNSIGNED NOT NULL,
  `title` varchar(255) COLLATE utf8mb4_unicode_ci NOT NULL,
  `thumbnail` varchar(255) COLLATE utf8mb4_unicode_ci NOT NULL,
  `content` text COLLATE utf8mb4_unicode_ci NOT NULL,
  `category` varchar(50) COLLATE utf8mb4_unicode_ci DEFAULT NULL,
  `page` varchar(50) COLLATE utf8mb4_unicode_ci DEFAULT NULL,
  `birthday` date DEFAULT NULL,
  `creator` varchar(255) COLLATE utf8mb4_unicode_ci DEFAULT NULL,
  `repairer` varchar(255) COLLATE utf8mb4_unicode_ci DEFAULT NULL,
  `disabler` varchar(255) COLLATE utf8mb4_unicode_ci DEFAULT NULL,
  `created_at` timestamp NULL DEFAULT NULL,
  `updated_at` timestamp NULL DEFAULT NULL
) ENGINE=InnoDB DEFAULT CHARSET=utf8mb4 COLLATE=utf8mb4_unicode_ci;

--
-- Đang đổ dữ liệu cho bảng `pages`
--

INSERT INTO `pages` (`id`, `title`, `thumbnail`, `content`, `category`, `page`, `birthday`, `creator`, `repairer`, `disabler`, `created_at`, `updated_at`) VALUES
(1, 'iPhone đời cũ đồng loạt giảm giá, dọn đường chờ iPhone 13 về Việt Nam', 'public/image/pages/gioi-thieu-1.jpg', '(Dân trí) - Không lâu sau khi thế hệ iPhone 13 ra mắt thị trường, nhiều hệ thống bán lẻ đã đồng loạt giảm các sản phẩm đời cũ. Mức giảm dao động khoảng 2-3 triệu đồng tùy từng phiên bản.', '1', 'Giới thiệu', '2021-09-14', '11', NULL, 'active', '2021-09-28 18:13:43', '2021-09-28 18:13:43'),
(2, 'iPhone 13 Pro Max đọ thời lượng pin với các phiên bản \"đàn em\"', 'public/image/pages/gioi-thieu-2.jpg', '(Dân trí) - Apple tuyên bố iPhone 13 Pro Max là chiếc smartphone có thời lượng pin tốt nhất từ trước đến nay, sự thật có đúng như vậy?', '1', 'Giới thiệu', '2021-09-16', '11', NULL, 'active', '2021-09-28 18:15:15', '2021-09-28 18:15:15'),
(3, 'Cách bảo vệ dữ liệu cá nhân khi đi sửa smartphone, laptop nổi bật tuần qua', 'public/image/pages/gioi-thieu-3.jpeg', '(Dân trí) - Những biện pháp giúp bảo vệ dữ liệu cá nhân khi mang smartphone, laptop đi sửa; mẹo tiết kiệm dung lượng lưu trữ trên smartphone ít người nghĩ đến… là những thủ thuật nổi bật trong tuần qua.', '1', 'Giới thiệu', '2021-09-18', '11', NULL, 'active', '2021-09-28 18:16:23', '2021-09-28 18:16:23'),
(4, 'Đánh giá nhanh iPad Mini 6: thiết kế bắt mắt, hàng loạt cải tiến đáng giá', 'public/image/pages/gioi-thieu-4.jpg', '(Dân trí) - So với sản phẩm tiền nhiệm, iPad Mini 6 gần như \"lột xác\" hoàn toàn với thiết kế mới bắt mắt hơn, cùng với hàng loạt cải tiến về hiệu năng, màn hình, pin. Máy đã có tại Việt Nam, giá 17 triệu đồng.', '1', 'Giới thiệu', '2021-09-19', '11', NULL, 'active', '2021-09-28 18:17:42', '2021-09-28 18:17:42'),
(5, 'Trên tay iPhone 13, iPhone 13 Pro, 13 Pro Max tại Việt Nam', 'public/image/pages/gioi-thieu-5.jpeg', '(Dân trí) - Hiện tại, các cửa hàng tại Việt Nam chỉ nhập về 3 phiên bản iPhone 13, 13 Pro và 13 Pro Max, không có iPhone 13 Mini. Mức giá của các mẫu máy này được cho là sẽ liên tục thay đổi trong vài ngày tới.', '1', 'Giới thiệu', '2021-09-21', '11', NULL, 'active', '2021-09-28 18:18:44', '2021-09-28 18:18:44'),
(6, 'Huawei giới thiệu 11 giải pháp để đi sâu vào lĩnh vực kỹ thuật số', 'public/image/pages/gioi-thieu-6.jpg', '(Dân trí) - Ngày 24/9, tại sự kiện Huawei Connect 2021, Huawei đã ra mắt 11 giải pháp sáng tạo dựa trên kịch bản cho khách hàng trong các lĩnh vực dịch vụ công, giao thông, tài chính, năng lượng và sản xuất.', '1', 'Giới thiệu', '2021-09-06', '11', NULL, 'active', '2021-09-28 18:20:10', '2021-09-28 18:20:10'),
(7, 'Doanh nghiệp của đại gia Nam Định lãi ròng quý III tăng 22% bất chấp...', 'public/image/pages/lien-he-1.jpg', 'Bất chấp tác động tiêu cực của dịch Covid-19 trong suốt thời gian qua, doanh nghiệp của đại gia Nam...', '2', 'Liên hệ', '2021-09-08', '11', NULL, 'active', '2021-09-28 18:26:58', '2021-09-28 18:26:58'),
(8, 'Đầu tháng 10 sẽ cấp phép thí điểm Mobile Money', 'public/image/pages/lien-h2-2.jpg', 'Những thủ tục cấp giấy phép thí điểm Mobile Money đang được hoàn tất để tiến tới đầu tháng 10...', '2', 'Liên hệ', '2021-09-10', '11', NULL, 'active', '2021-09-28 18:28:33', '2021-09-28 18:28:33'),
(9, 'VN-Index giảm hơn 26 điểm tuột mốc hỗ trợ 1.330 điểm, nhà đầu tư nên cắt lỗ hay giữ hàng update?', 'public/image/pages/da-phuoc-1629876877715.jpeg', 'Không ai có thể chiến thắng trong tất cả các lần giao dịch. Ngay cả những nhà giao dịch giỏi...', '2', 'Liên hệ', '2021-09-12', '11', '3', 'active', '2021-09-28 18:30:17', '2021-09-28 18:30:17'),
(10, 'Giá vàng hôm nay 28/9: Tăng rồi lại giảm, không có động lực bứt phá', 'public/image/pages/lien-he-4.jpg', 'Giá vàng lại laonh quanh về ngưỡng 1.750 USD/ounce, chưa thể bứt phá.', '2', 'Liên hệ', '2021-09-14', '11', NULL, 'active', '2021-09-28 18:31:21', '2021-09-28 18:31:21'),
(11, 'Tekland – giải pháp công nghệ Bất động sản 4.0', 'public/image/pages/lien-he-5.jpg', 'Từ đầu năm 2020 đến nay, dịch bệnh Covid bùng phát và diễn biến hết sức phức tạp, đã ảnh...', '2', 'Liên hệ', '2021-09-16', '11', NULL, 'active', '2021-09-28 18:32:28', '2021-09-28 18:32:28'),
(12, 'Doanh nhân công nghệ: Thay đổi định kiến xã hội về kinh doanh trực tuyến', 'public/image/pages/lien-he-6.jpg', 'Cùng với xu hướng tiêu dùng 4.0, những tác động của dịch Covid-19 càng góp phần thúc đẩy kinh doanh...', '2', 'Liên hệ', '2021-09-18', '11', NULL, 'active', '2021-09-28 18:33:38', '2021-09-28 18:33:38'),
(13, 'Môi giới tất bật dẫn khách xem đất sau nới lỏng giãn cách', 'public/image/pages/gioi-thieu-7.jpg', 'Nhiều môi giới ở khu vực ngoại thành Hà Nội cho biết, do lượng khách đặt lịch xem nhà, đất...', '1', 'Giới thiệu', '2021-09-18', '11', NULL, 'active', '2021-09-28 18:34:48', '2021-09-28 18:34:48'),
(14, 'Toàn cảnh dự án xây dựng cầu Trần Hưng Đạo 9.000 tỷ bắc qua sông Hồng', 'public/image/pages/lien-he-7.jpg', 'Dự án cầu Trần Hưng Đạo thuộc địa phận quận Long Biên (Hà Nội), bắc qua sông Hồng có tổng...', '2', 'Liên hệ', '2021-09-04', '11', NULL, 'active', '2021-09-28 18:35:35', '2021-09-28 18:35:35'),
(15, 'Trang test them', 'public/image/pages/img-detail.jpg', 'Contrary to popular belief, Lorem Ipsum is not simply random text. It has roots in a piece of classical Latin literature from 45 BC, making it over 2000 years old. Richard McClintock, a Latin professor at Hampden-Sydney College in Virginia, looked up one of the more obscure Latin words', '1', 'Giới thiệu', '2021-09-12', '11', NULL, 'active', '2021-09-29 18:22:45', '2021-09-29 18:22:45'),
(16, 'Vao test lai', 'public/image/pages/bat-dong-san-crop-1629875463331.jpeg', 'Contrary to popular belief, Lorem Ipsum is not simply random text. It has roots in a piece of classical Latin literature from 45 BC, making it over 2000 years old. Richard McClintock, a Latin professor at Hampden-Sydney College in Virginia, looked up one of the more obscure Latin words', '2', 'Liên hệ', '2021-09-17', '1', NULL, '1', '2021-09-29 18:23:47', '2021-09-29 18:23:47');

-- --------------------------------------------------------

--
-- Cấu trúc bảng cho bảng `password_resets`
--

CREATE TABLE `password_resets` (
  `email` varchar(255) COLLATE utf8mb4_unicode_ci NOT NULL,
  `token` varchar(255) COLLATE utf8mb4_unicode_ci NOT NULL,
  `created_at` timestamp NULL DEFAULT NULL
) ENGINE=InnoDB DEFAULT CHARSET=utf8mb4 COLLATE=utf8mb4_unicode_ci;

-- --------------------------------------------------------

--
-- Cấu trúc bảng cho bảng `postcats`
--

CREATE TABLE `postcats` (
  `id` bigint(20) UNSIGNED NOT NULL,
  `name` varchar(200) COLLATE utf8mb4_unicode_ci NOT NULL,
  `creator` varchar(50) COLLATE utf8mb4_unicode_ci DEFAULT NULL,
  `repairer` varchar(50) COLLATE utf8mb4_unicode_ci DEFAULT NULL,
  `disabler` varchar(50) COLLATE utf8mb4_unicode_ci DEFAULT NULL,
  `created_at` timestamp NULL DEFAULT NULL,
  `updated_at` timestamp NULL DEFAULT NULL
) ENGINE=InnoDB DEFAULT CHARSET=utf8mb4 COLLATE=utf8mb4_unicode_ci;

--
-- Đang đổ dữ liệu cho bảng `postcats`
--

INSERT INTO `postcats` (`id`, `name`, `creator`, `repairer`, `disabler`, `created_at`, `updated_at`) VALUES
(19, 'Kinh tế', '11', NULL, 'active', '2021-09-28 18:42:28', '2021-09-30 08:31:08'),
(20, 'Công nghệ số', '11', NULL, 'active', '2021-09-28 18:42:49', '2021-09-28 18:42:49'),
(21, 'Giáo dục', '11', NULL, 'active', '2021-09-28 18:42:58', '2021-09-28 18:42:58'),
(22, 'Sức khỏe cộng đồng', '11', NULL, 'active', '2021-09-28 18:43:20', '2021-09-28 18:43:20'),
(23, 'Chính trị', '11', NULL, 'active', '2021-09-28 18:43:41', '2021-09-29 16:54:39'),
(24, 'danh muc moi them edit update', '11', '1', '1', '2021-09-29 19:15:54', '2021-10-12 16:48:03'),
(25, 'them moi danh muc', '11', NULL, '1', '2021-09-29 19:16:05', '2021-10-01 08:09:05');

-- --------------------------------------------------------

--
-- Cấu trúc bảng cho bảng `posts`
--

CREATE TABLE `posts` (
  `id` bigint(20) UNSIGNED NOT NULL,
  `name` varchar(200) COLLATE utf8mb4_unicode_ci NOT NULL,
  `thumbnail` varchar(200) COLLATE utf8mb4_unicode_ci NOT NULL,
  `content` text COLLATE utf8mb4_unicode_ci NOT NULL,
  `description` text COLLATE utf8mb4_unicode_ci NOT NULL,
  `creator` varchar(50) COLLATE utf8mb4_unicode_ci DEFAULT NULL,
  `repairer` varchar(50) COLLATE utf8mb4_unicode_ci DEFAULT NULL,
  `disabler` varchar(50) COLLATE utf8mb4_unicode_ci DEFAULT NULL,
  `postcat_id` bigint(20) UNSIGNED NOT NULL,
  `created_at` timestamp NULL DEFAULT NULL,
  `updated_at` timestamp NULL DEFAULT NULL
) ENGINE=InnoDB DEFAULT CHARSET=utf8mb4 COLLATE=utf8mb4_unicode_ci;

--
-- Đang đổ dữ liệu cho bảng `posts`
--

INSERT INTO `posts` (`id`, `name`, `thumbnail`, `content`, `description`, `creator`, `repairer`, `disabler`, `postcat_id`, `created_at`, `updated_at`) VALUES
(25, 'Trung Quốc lệnh doanh nghiệp nhà nước mua lại tài sản của Evergrande cập nhật', 'public/image/posts/1634306583-van-hoa-ADD-1.jpeg', '<p>Tập đo&agrave;n bất động sản lớn thứ 2 Trung Quốc Evergrande với g&aacute;nh nợ 305 tỷ USD đang đứng b&ecirc;n bờ vực sụp đổ. Nhưng Bắc Kinh rất kh&oacute; can thiệp trực tiếp để giải quyết cuộc khủng hoảng của Evergrande dưới h&igrave;nh thức một g&oacute;i cứu trợ, Reuters dẫn nguồn tin từ ch&iacute;nh phủ Trung Quốc cho hay.</p>', '<p>(D&acirc;n tr&iacute;) - Bắc Kinh đang lệnh cho một số c&ocirc;ng ty thuộc sở hữu của ch&iacute;nh phủ v&agrave; nh&agrave; ph&aacute;t triển bất động sản do nh&agrave; nước hậu thuẫn mua lại một số t&agrave;i sản của Evergrande.</p>\r\n<p><img src=\"/unimart/public/storage/photos/1/chinh-tri/van-hoa-ADD-1.jpeg\" alt=\"\" width=\"660\" height=\"396\" /></p>\r\n<p>(D&acirc;n tr&iacute;) - Bắc Kinh đang lệnh cho một số c&ocirc;ng ty thuộc sở hữu của ch&iacute;nh phủ v&agrave; nh&agrave; ph&aacute;t triển bất động sản do nh&agrave; nước hậu thuẫn mua lại một số t&agrave;i sản của Evergrande.</p>\r\n<p><img src=\"/unimart/public/storage/photos/1/chinh-tri/bat-dong-san-crop-1629875463331.jpeg\" alt=\"\" width=\"674\" height=\"449\" /></p>\r\n<p>(D&acirc;n tr&iacute;) - Bắc Kinh đang lệnh cho một số c&ocirc;ng ty thuộc sở hữu của ch&iacute;nh phủ v&agrave; nh&agrave; ph&aacute;t triển bất động sản do nh&agrave; nước hậu thuẫn mua lại một số t&agrave;i sản của Evergrande.</p>\r\n<p><img src=\"/unimart/public/storage/photos/1/chinh-tri/da-phuoc-1629876877715.jpeg\" alt=\"\" width=\"676\" height=\"450\" /></p>\r\n<p>(D&acirc;n tr&iacute;) - Bắc Kinh đang lệnh cho một số c&ocirc;ng ty thuộc sở hữu của ch&iacute;nh phủ v&agrave; nh&agrave; ph&aacute;t triển bất động sản do nh&agrave; nước hậu thuẫn mua lại một số t&agrave;i sản của Evergrande.</p>', '11', '1', 'active', 23, '2021-09-28 18:58:07', '2021-10-15 14:03:03'),
(26, 'Thủ tướng \"thúc\" giải ngân 250.000 tỷ đồng, phê bình nơi đạt dưới 45%', 'public/image/posts/1634306691-bai-viet-2.jpeg', '<p>D&acirc;n tr&iacute; Thủ tướng y&ecirc;u cầu phải xem x&eacute;t giải ng&acirc;n nguồn vốn đầu tư c&ocirc;ng 250.000 tỷ đồng c&ograve;n lại của năm 2021 l&agrave; nhiệm vụ ch&iacute;nh trị quan trọng v&agrave; ph&ecirc; b&igrave;nh nghi&ecirc;m khắc những nơi c&oacute; tỷ lệ giải ng&acirc;n dưới 40%.</p>', '<p>Khẳng định tr&ecirc;n được Thủ tướng Ch&iacute;nh phủ Phạm Minh Ch&iacute;nh n&ecirc;u r&otilde; tại hội nghị trực tuyến to&agrave;n quốc với c&aacute;c bộ ng&agrave;nh, địa phương về c&ocirc;ng t&aacute;c giải ng&acirc;n vốn đầu tư c&ocirc;ng năm 2021 ng&agrave;y 28/9.</p>\r\n<p><img src=\"/unimart/public/storage/photos/1/chinh-tri/bantincovidso15chuandocx1629478532961-1629882609962.png\" alt=\"\" width=\"619\" height=\"412\" /></p>\r\n<p>Khẳng định tr&ecirc;n được Thủ tướng Ch&iacute;nh phủ Phạm Minh Ch&iacute;nh n&ecirc;u r&otilde; tại hội nghị trực tuyến to&agrave;n quốc với c&aacute;c bộ ng&agrave;nh, địa phương về c&ocirc;ng t&aacute;c giải ng&acirc;n vốn đầu tư c&ocirc;ng năm 2021 ng&agrave;y 28/9.</p>\r\n<p><img src=\"/unimart/public/storage/photos/1/chinh-tri/hinh-anh-3.jpg\" alt=\"\" width=\"609\" height=\"409\" /></p>\r\n<p>Khẳng định tr&ecirc;n được Thủ tướng Ch&iacute;nh phủ Phạm Minh Ch&iacute;nh n&ecirc;u r&otilde; tại hội nghị trực tuyến to&agrave;n quốc với c&aacute;c bộ ng&agrave;nh, địa phương về c&ocirc;ng t&aacute;c giải ng&acirc;n vốn đầu tư c&ocirc;ng năm 2021 ng&agrave;y 28/9.</p>', '11', '1', 'active', 19, '2021-09-28 19:03:20', '2021-10-15 14:04:51'),
(27, 'Sau đấu nối ồ ạt, nhiều dự án điện mặt trời mái nhà bị… ế ẩm', 'public/image/posts/1634306863-bai-viet-3.jpg', '<p>Để kịp ph&aacute;t điện trước ng&agrave;y 31/12/2020 theo tinh thần khuyến kh&iacute;ch của Thủ tướng Ch&iacute;nh phủ tại Quyết định 13/2020/QĐ-TTg, h&agrave;ng loạt dự &aacute;n điện mặt trời m&aacute;i nh&agrave; đ&atilde; được x&acirc;y dựng khẩn trương tại c&aacute;c huyện Cư J&uacute;t, Đắk Mil, Đắk Song của tỉnh Đắk N&ocirc;ng.</p>', '<p>&Ocirc;ng L&ecirc; Ngọc Anh, chủ một dự &aacute;n điện mặt trời m&aacute;i nh&agrave; kết hợp trồng nấm tại x&atilde; Ea P&ocirc; (huyện Cư J&uacute;t), cho biết, năm 2019, gia đ&igrave;nh &ocirc;ng đầu tư trồng nấm c&ocirc;ng nghệ cao. Tận dụng khoảng hơn một hecta diện t&iacute;ch m&aacute;i c&ocirc;ng tr&igrave;nh, &ocirc;ng đ&atilde; lắp đặt c&aacute;c tấm pin năng lượng mặt trời (theo đ&uacute;ng quy định của c&ocirc;ng tr&igrave;nh điện mặt trời m&aacute;i nh&agrave;).</p>\r\n<p><img src=\"/unimart/public/storage/photos/1/kinh-te/bai-viet-3.jpg\" alt=\"\" width=\"591\" height=\"394\" /></p>\r\n<p>&Ocirc;ng L&ecirc; Ngọc Anh, chủ một dự &aacute;n điện mặt trời m&aacute;i nh&agrave; kết hợp trồng nấm tại x&atilde; Ea P&ocirc; (huyện Cư J&uacute;t), cho biết, năm 2019, gia đ&igrave;nh &ocirc;ng đầu tư trồng nấm c&ocirc;ng nghệ cao. Tận dụng khoảng hơn một hecta diện t&iacute;ch m&aacute;i c&ocirc;ng tr&igrave;nh, &ocirc;ng đ&atilde; lắp đặt c&aacute;c tấm pin năng lượng mặt trời (theo đ&uacute;ng quy định của c&ocirc;ng tr&igrave;nh điện mặt trời m&aacute;i nh&agrave;).</p>\r\n<p><img src=\"/unimart/public/storage/photos/1/kinh-te/hinh-anh-6.jpg\" alt=\"\" width=\"587\" height=\"394\" /></p>\r\n<p>&Ocirc;ng L&ecirc; Ngọc Anh, chủ một dự &aacute;n điện mặt trời m&aacute;i nh&agrave; kết hợp trồng nấm tại x&atilde; Ea P&ocirc; (huyện Cư J&uacute;t), cho biết, năm 2019, gia đ&igrave;nh &ocirc;ng đầu tư trồng nấm c&ocirc;ng nghệ cao. Tận dụng khoảng hơn một hecta diện t&iacute;ch m&aacute;i c&ocirc;ng tr&igrave;nh, &ocirc;ng đ&atilde; lắp đặt c&aacute;c tấm pin năng lượng mặt trời (theo đ&uacute;ng quy định của c&ocirc;ng tr&igrave;nh điện mặt trời m&aacute;i nh&agrave;).</p>', '11', '1', 'active', 19, '2021-09-28 19:05:32', '2021-10-15 14:07:43'),
(28, 'Cục Hàng không \"tuýt còi\" các hãng tự ý mở bán vé máy bay nội địa việt nam', 'public/image/posts/1634306963-bai-viet-4.jpeg', '<p>D&acirc;n tr&iacute; Hiện kế hoạch tổ chức giao th&ocirc;ng mới chưa được quyết định, Cục H&agrave;ng kh&ocirc;ng Việt Nam y&ecirc;u cầu c&aacute;c h&atilde;ng h&agrave;ng kh&ocirc;ng dừng mở b&aacute;n v&eacute; m&aacute;y bay tr&ecirc;n c&aacute;c đường bay nội địa cho đến khi c&oacute; th&ocirc;ng b&aacute;o mới.</p>', '<p>Cục H&agrave;ng kh&ocirc;ng Việt Nam vừa c&oacute; C&ocirc;ng văn số 3706 về việc tiếp tục thực hiện việc hạn chế số lượng chuyến bay từ c&aacute;c tỉnh, th&agrave;nh phố thực hiện Chỉ thị số 16 của Thủ tướng Ch&iacute;nh phủ, trong đ&oacute; y&ecirc;u cầu c&aacute;c h&atilde;ng h&agrave;ng kh&ocirc;ng Việt Nam dừng việc mở b&aacute;n tr&ecirc;n c&aacute;c đường bay nội địa cho tới khi c&oacute; th&ocirc;ng b&aacute;o mới.</p>\r\n<p><img src=\"/unimart/public/storage/photos/1/kinh-te/bai-viet-4.jpeg\" alt=\"\" width=\"605\" height=\"403\" /></p>\r\n<p>Cục H&agrave;ng kh&ocirc;ng Việt Nam vừa c&oacute; C&ocirc;ng văn số 3706 về việc tiếp tục thực hiện việc hạn chế số lượng chuyến bay từ c&aacute;c tỉnh, th&agrave;nh phố thực hiện Chỉ thị số 16 của Thủ tướng Ch&iacute;nh phủ, trong đ&oacute; y&ecirc;u cầu c&aacute;c h&atilde;ng h&agrave;ng kh&ocirc;ng Việt Nam dừng việc mở b&aacute;n tr&ecirc;n c&aacute;c đường bay nội địa cho tới khi c&oacute; th&ocirc;ng b&aacute;o mới.</p>\r\n<p><img src=\"/unimart/public/storage/photos/1/chinh-tri/bantincovidso15chuandocx1629478532961-1629882609962.png\" alt=\"\" width=\"616\" height=\"410\" /></p>\r\n<p>Cục H&agrave;ng kh&ocirc;ng Việt Nam vừa c&oacute; C&ocirc;ng văn số 3706 về việc tiếp tục thực hiện việc hạn chế số lượng chuyến bay từ c&aacute;c tỉnh, th&agrave;nh phố thực hiện Chỉ thị số 16 của Thủ tướng Ch&iacute;nh phủ, trong đ&oacute; y&ecirc;u cầu c&aacute;c h&atilde;ng h&agrave;ng kh&ocirc;ng Việt Nam dừng việc mở b&aacute;n tr&ecirc;n c&aacute;c đường bay nội địa cho tới khi c&oacute; th&ocirc;ng b&aacute;o mới.</p>', '11', '1', 'active', 19, '2021-09-28 19:08:02', '2021-10-15 14:09:23'),
(29, 'Ấn Độ chi số tiền \"khủng\" mua 56 máy bay vận tải  của Airbus', 'public/image/posts/1634307122-tinh-gian-1629862688876.jpeg', '<p>D&acirc;n tr&iacute; Ấn Độ ng&agrave;y 24/9 đ&atilde; k&yacute; một thỏa thuận trị gi&aacute; khoảng 3 tỷ USD với tập đo&agrave;n Airbus để mua 56 m&aacute;y bay vận tải C-295, nhằm thay thế phi đội Avro gi&agrave; cỗi của lực lượng kh&ocirc;ng qu&acirc;n (IAF).</p>', '<p>40 m&aacute;y bay c&ograve;n lại sẽ do Airbus Defense-Space v&agrave; c&ocirc;ng ty Tata Advanced Systems Ltd (TASL) của Ấn Độ c&ugrave;ng phối hợp sản xuất, như một phần của quan hệ đối t&aacute;c c&ocirc;ng nghiệp giữa hai c&ocirc;ng ty. TASL l&agrave; c&ocirc;ng ty con thuộc tập đo&agrave;n Tata lớn nhất Ấn Độ. Bộ Quốc ph&ograve;ng Ấn Độ cho hay, việc giao h&agrave;ng sẽ ho&agrave;n th&agrave;nh trong v&ograve;ng 10 năm kể từ khi k&yacute; hợp đồng.</p>\r\n<p><img src=\"/unimart/public/storage/photos/1/kinh-te/bai-viet-4.jpeg\" alt=\"\" width=\"668\" height=\"445\" /></p>\r\n<p>40 m&aacute;y bay c&ograve;n lại sẽ do Airbus Defense-Space v&agrave; c&ocirc;ng ty Tata Advanced Systems Ltd (TASL) của Ấn Độ c&ugrave;ng phối hợp sản xuất, như một phần của quan hệ đối t&aacute;c c&ocirc;ng nghiệp giữa hai c&ocirc;ng ty. TASL l&agrave; c&ocirc;ng ty con thuộc tập đo&agrave;n Tata lớn nhất Ấn Độ. Bộ Quốc ph&ograve;ng Ấn Độ cho hay, việc giao h&agrave;ng sẽ ho&agrave;n th&agrave;nh trong v&ograve;ng 10 năm kể từ khi k&yacute; hợp đồng.</p>\r\n<p><img src=\"/unimart/public/storage/photos/1/chinh-tri/bat-dong-san-crop-1629875463331.jpeg\" alt=\"\" width=\"665\" height=\"443\" /></p>\r\n<p>40 m&aacute;y bay c&ograve;n lại sẽ do Airbus Defense-Space v&agrave; c&ocirc;ng ty Tata Advanced Systems Ltd (TASL) của Ấn Độ c&ugrave;ng phối hợp sản xuất, như một phần của quan hệ đối t&aacute;c c&ocirc;ng nghiệp giữa hai c&ocirc;ng ty. TASL l&agrave; c&ocirc;ng ty con thuộc tập đo&agrave;n Tata lớn nhất Ấn Độ. Bộ Quốc ph&ograve;ng Ấn Độ cho hay, việc giao h&agrave;ng sẽ ho&agrave;n th&agrave;nh trong v&ograve;ng 10 năm kể từ khi k&yacute; hợp đồng.</p>', '11', '1', 'active', 23, '2021-09-28 19:10:51', '2021-10-15 14:12:02'),
(30, 'Khả năng Pháp rời NATO sau khi mất hợp đồng đóng tàu ngầm thế kỷ mới', 'public/image/posts/bantincovidso15chuandocx1629478532961-1629882609962.png', '<p>Sau khi bị Mỹ-Australia-Anh \"gạt ra b&ecirc;n lề\" với li&ecirc;n minh AUKUS v&agrave; hợp đồng t&agrave;u ngầm gi&aacute; trị khổng lồ, dư luận Ph&aacute;p đang dậy s&oacute;ng v&agrave; k&ecirc;u gọi ch&iacute;nh phủ nước n&agrave;y cần đ&aacute;p trả mạnh mẽ.</p>', '<p>Nh&igrave;n lại thời gian qua, ch&iacute;nh quyền của Tổng thống Ph&aacute;p Macron đ&atilde; kh&ocirc;ng &iacute;t lần chỉ tr&iacute;ch vai tr&ograve; v&agrave; hoạt động của NATO. Liệu m&acirc;u thuẫn v&agrave; căng thẳng l&ecirc;n đến đỉnh điểm với Mỹ lần n&agrave;y c&oacute; tạo ra một \"c&uacute; h&iacute;ch\" để Ph&aacute;p quyết định rời khối li&ecirc;n minh qu&acirc;n sự n&agrave;y? Đ&acirc;u sẽ l&agrave; t&aacute;c động nếu kịch bản n&agrave;y xảy ra?</p>\r\n<p><img src=\"/unimart/public/storage/photos/1/chinh-tri/bat-dong-san-crop-1629875463331.jpeg\" alt=\"\" width=\"557\" height=\"371\" /></p>\r\n<p>Nh&igrave;n lại thời gian qua, ch&iacute;nh quyền của Tổng thống Ph&aacute;p Macron đ&atilde; kh&ocirc;ng &iacute;t lần chỉ tr&iacute;ch vai tr&ograve; v&agrave; hoạt động của NATO. Liệu m&acirc;u thuẫn v&agrave; căng thẳng l&ecirc;n đến đỉnh điểm với Mỹ lần n&agrave;y c&oacute; tạo ra một \"c&uacute; h&iacute;ch\" để Ph&aacute;p quyết định rời khối li&ecirc;n minh qu&acirc;n sự n&agrave;y? Đ&acirc;u sẽ l&agrave; t&aacute;c động nếu kịch bản n&agrave;y xảy ra?</p>\r\n<p><img src=\"/unimart/public/storage/photos/1/chinh-tri/da-phuoc-1629876877715.jpeg\" alt=\"\" width=\"557\" height=\"371\" /></p>\r\n<p>Nh&igrave;n lại thời gian qua, ch&iacute;nh quyền của Tổng thống Ph&aacute;p Macron đ&atilde; kh&ocirc;ng &iacute;t lần chỉ tr&iacute;ch vai tr&ograve; v&agrave; hoạt động của NATO. Liệu m&acirc;u thuẫn v&agrave; căng thẳng l&ecirc;n đến đỉnh điểm với Mỹ lần n&agrave;y c&oacute; tạo ra một \"c&uacute; h&iacute;ch\" để Ph&aacute;p quyết định rời khối li&ecirc;n minh qu&acirc;n sự n&agrave;y? Đ&acirc;u sẽ l&agrave; t&aacute;c động nếu kịch bản n&agrave;y xảy ra?</p>', '11', '1', 'active', 23, '2021-09-28 19:13:24', '2021-10-15 14:13:12'),
(31, 'Thi tốt nghiệp THPT năm 2022 sẽ hướng theo phương án nào?', 'public/image/posts/1634307339-giao-duc-4.jpeg', '<p>D&acirc;n tr&iacute; Kỳ thi tốt nghiệp THPT năm 2022 theo phương &aacute;n tổ chức Kỳ thi tốt nghiệp THPT giai đoạn 2022-2025, bảo đảm kết quả thi phản &aacute;nh kh&aacute;ch quan, đ&uacute;ng năng lực học sinh, c&oacute; độ tin cậy v&agrave; sự ph&acirc;n h&oacute;a.</p>', '<p>Một trong những nhiệm vụ chung về quản l&yacute; chất lượng năm học 2021-2022 l&agrave; x&acirc;y dựng v&agrave; triển khai phương &aacute;n tổ chức Kỳ thi tốt nghiệp THPT giai đoạn từ năm 2022-2025; chuẩn bị chu đ&aacute;o v&agrave; tổ chức tốt Kỳ thi tốt nghiệp THPT năm 2022 linh hoạt, th&iacute;ch ứng với t&igrave;nh h&igrave;nh dịch bệnh.</p>\r\n<p><img src=\"/unimart/public/storage/photos/1/giao-duc/giao-duc-2.jpeg\" alt=\"\" width=\"568\" height=\"378\" /></p>\r\n<p>Một trong những nhiệm vụ chung về quản l&yacute; chất lượng năm học 2021-2022 l&agrave; x&acirc;y dựng v&agrave; triển khai phương &aacute;n tổ chức Kỳ thi tốt nghiệp THPT giai đoạn từ năm 2022-2025; chuẩn bị chu đ&aacute;o v&agrave; tổ chức tốt Kỳ thi tốt nghiệp THPT năm 2022 linh hoạt, th&iacute;ch ứng với t&igrave;nh h&igrave;nh dịch bệnh.</p>\r\n<p><img src=\"/unimart/public/storage/photos/1/giao-duc/giao-duc-5.jpeg\" alt=\"\" width=\"572\" height=\"381\" /></p>\r\n<p>Một trong những nhiệm vụ chung về quản l&yacute; chất lượng năm học 2021-2022 l&agrave; x&acirc;y dựng v&agrave; triển khai phương &aacute;n tổ chức Kỳ thi tốt nghiệp THPT giai đoạn từ năm 2022-2025; chuẩn bị chu đ&aacute;o v&agrave; tổ chức tốt Kỳ thi tốt nghiệp THPT năm 2022 linh hoạt, th&iacute;ch ứng với t&igrave;nh h&igrave;nh dịch bệnh.</p>', '11', '1', 'active', 21, '2021-09-28 19:17:42', '2021-10-15 14:15:39'),
(32, 'Học trực tuyến kéo dài khiến trẻ nảy sinh lo âu, kiệt sức và trầm cảm cho trẻ em', 'public/image/posts/1634307419-img-post-01.jpg', '<p>D&acirc;n tr&iacute; Những cảm x&uacute;c ti&ecirc;u cực trong học trực tuyến v&agrave; c&aacute;c mối quan hệ n&oacute;i chung trong thời gian gi&atilde;n c&aacute;ch x&atilde; hội l&agrave; một vấn đề t&acirc;m l&yacute; phổ biến khiến trẻ nảy sinh lo &acirc;u, kiệt sức v&agrave; trầm cảm.</p>', '<p>C&aacute;c vấn đề t&acirc;m l&yacute; hướng nội phổ biến l&agrave; hiện tượng stress, lo &acirc;u, thậm ch&iacute; trầm cảm v&agrave; c&aacute;c rối loạn cảm x&uacute;c kh&aacute;c. Ở phương diện hướng ngoại l&agrave; c&aacute;c h&agrave;nh vi bột ph&aacute;t, hung t&iacute;nh, nghiện game.</p>\r\n<p><img src=\"/unimart/public/storage/photos/1/giao-duc/giao-duc-1.jpeg\" alt=\"\" width=\"597\" height=\"398\" /></p>\r\n<p>C&aacute;c vấn đề t&acirc;m l&yacute; hướng nội phổ biến l&agrave; hiện tượng stress, lo &acirc;u, thậm ch&iacute; trầm cảm v&agrave; c&aacute;c rối loạn cảm x&uacute;c kh&aacute;c. Ở phương diện hướng ngoại l&agrave; c&aacute;c h&agrave;nh vi bột ph&aacute;t, hung t&iacute;nh, nghiện game.</p>\r\n<p><img src=\"/unimart/public/storage/photos/1/giao-duc/giao-duc-5.jpeg\" alt=\"\" width=\"593\" height=\"395\" /></p>\r\n<p>C&aacute;c vấn đề t&acirc;m l&yacute; hướng nội phổ biến l&agrave; hiện tượng stress, lo &acirc;u, thậm ch&iacute; trầm cảm v&agrave; c&aacute;c rối loạn cảm x&uacute;c kh&aacute;c. Ở phương diện hướng ngoại l&agrave; c&aacute;c h&agrave;nh vi bột ph&aacute;t, hung t&iacute;nh, nghiện game.</p>', '11', '1', 'active', 21, '2021-09-28 19:21:46', '2021-10-15 14:16:59'),
(33, 'Ai là người đứng đầu cơ sở giáo dục đại học công lập hiện nay?', 'public/image/posts/1634307514-tinh-gian-1629862688876.jpeg', '<p>D&acirc;n tr&iacute; Nếu thực hiện cơ chế một người đứng đầu cơ sở gi&aacute;o dục đại học (GDĐH) c&ocirc;ng lập th&igrave; sẽ ảnh hưởng nghi&ecirc;m trọng đến chủ trương tự chủ đại hoc đang được bước đầu được triển khai hiệu quả.</p>', '<p>Quyết định ch&iacute;nh s&aacute;ch, chủ trương đầu tư ph&aacute;t triển, ch&iacute;nh s&aacute;ch học ph&iacute;, ph&ecirc; duyệt kế hoạch t&agrave;i ch&iacute;nh, th&ocirc;ng qua b&aacute;o c&aacute;o t&agrave;i ch&iacute;nh, b&aacute;o c&aacute;o quyết to&aacute;n kinh ph&iacute; h&agrave;ng năm; Quyết định ch&iacute;nh s&aacute;ch tiền lương của chức danh l&atilde;nh đạo trong đ&oacute; c&oacute; hiệu trưởng&hellip; (Điều 16).</p>\r\n<p><img src=\"/unimart/public/storage/photos/1/giao-duc/hinh-anh-3.jpg\" alt=\"\" width=\"594\" height=\"399\" /></p>\r\n<p>Quyết định ch&iacute;nh s&aacute;ch, chủ trương đầu tư ph&aacute;t triển, ch&iacute;nh s&aacute;ch học ph&iacute;, ph&ecirc; duyệt kế hoạch t&agrave;i ch&iacute;nh, th&ocirc;ng qua b&aacute;o c&aacute;o t&agrave;i ch&iacute;nh, b&aacute;o c&aacute;o quyết to&aacute;n kinh ph&iacute; h&agrave;ng năm; Quyết định ch&iacute;nh s&aacute;ch tiền lương của chức danh l&atilde;nh đạo trong đ&oacute; c&oacute; hiệu trưởng&hellip; (Điều 16).</p>\r\n<p><img src=\"/unimart/public/storage/photos/1/giao-duc/giao-duc-3.jpeg\" alt=\"\" width=\"606\" height=\"404\" /></p>\r\n<p>Quyết định ch&iacute;nh s&aacute;ch, chủ trương đầu tư ph&aacute;t triển, ch&iacute;nh s&aacute;ch học ph&iacute;, ph&ecirc; duyệt kế hoạch t&agrave;i ch&iacute;nh, th&ocirc;ng qua b&aacute;o c&aacute;o t&agrave;i ch&iacute;nh, b&aacute;o c&aacute;o quyết to&aacute;n kinh ph&iacute; h&agrave;ng năm; Quyết định ch&iacute;nh s&aacute;ch tiền lương của chức danh l&atilde;nh đạo trong đ&oacute; c&oacute; hiệu trưởng&hellip; (Điều 16).</p>', '11', '1', 'active', 21, '2021-09-28 19:26:36', '2021-10-15 14:18:34'),
(34, 'Hướng dẫn doanh nghiệp nộp hồ sơ nhận hỗ trợ lao động ngừng việc update', 'public/image/posts/1632987949-tinh-gian-1629862688876.jpeg', 'Công ty tôi đã gửi danh sách lao động ngừng việc được BHXH TPHCM xác nhận cho Phòng LĐ-TB&XH Quận Phú Nhuận từ cuối tháng 7/2021, sau nhiều lần liên hệ, Công ty đã được Phòng LĐ-TB&XH phản hồi.', '<div class=\"dt-news__sapo\">\r\n<h2>C&ocirc;ng ty t&ocirc;i đ&atilde; gửi danh s&aacute;ch lao động ngừng việc được BHXH TPHCM x&aacute;c nhận cho Ph&ograve;ng LĐ-TB&amp;XH Quận Ph&uacute; Nhuận từ cuối th&aacute;ng 7/2021, sau nhiều lần li&ecirc;n hệ, C&ocirc;ng ty đ&atilde; được Ph&ograve;ng LĐ-TB&amp;XH phản hồi.<br />Theo đ&oacute;, v&igrave; chưa c&oacute; Giấy ủy quyền cho Ph&ograve;ng LĐ-TB&amp;XH ph&ecirc; duyệt hồ sơ n&ecirc;n hồ sơ chưa được giải quyết. Do ảnh hưởng của dịch bệnh, C&ocirc;ng ty t&ocirc;i phải thu hẹp hoạt động kinh doanh, doanh thu giảm s&uacute;t nghi&ecirc;m trọng, ảnh hưởng tới thu nhập của người lao động.g LĐ-TB&amp;XH phản hồi.</h2>\r\n</div>\r\n<div class=\"dt-news__content\">\r\n<p>Theo đ&oacute;, v&igrave; chưa c&oacute; Giấy ủy quyền cho Ph&ograve;ng LĐ-TB&amp;XH ph&ecirc; duyệt hồ sơ n&ecirc;n hồ sơ chưa được giải quyết. Do ảnh hưởng của dịch bệnh, C&ocirc;ng ty t&ocirc;i phải thu hẹp hoạt động kinh doanh, doanh thu giảm s&uacute;t nghi&ecirc;m trọng, ảnh hưởng tới thu nhập của người lao động.</p>\r\n</div>', '11', '1', '1', 24, '2021-09-30 07:23:42', '2021-10-12 16:48:03'),
(35, 'Liều lĩnh ôm nho lên núi trồng, 7X người Tày thắng lớn update', 'public/image/posts/1632986973-41629880762251-1629882452706.jpg', 'Dân trí Sau 3 năm lên núi trồng nho hạ đen, chị Triệu Thị Nga (Bắc Kạn) đã thành công với mô hình mới mang lại hiệu quả kinh tế cao.', '<p>Từng trải qua nhiều c&ocirc;ng việc, chị Triệu Thị Nga, sinh năm 1973 ở x&atilde; Thượng Quan (Ng&acirc;n Sơn, Bắc Kạn) rẽ hướng sang trồng nho hạ đen. Năm 2018, trong một lần t&igrave;nh cờ, chị biết được ở Lạng Sơn đang trồng giống nho hạ đen của Trung Quốc. Sau khi t&igrave;m hiểu, chị thấy m&ocirc; h&igrave;nh n&agrave;y kh&aacute; hay v&agrave; mang lại hiệu quả kinh tế cao n&ecirc;n đ&atilde; sang tỉnh bạn xem thử.</p>\r\n<p>Chị kể th&aacute;ng 3/2018, chị đ&aacute;nh xe sang tận Lạng Sơn tham quan vườn trồng nho hạ đen. Thấy tiềm năng, chị mạnh dạn bỏ ra 50 triệu đồng để mua 1.000 c&acirc;y giống về trồng. \"Giờ nghĩ lại thấy ng&agrave;y xưa m&igrave;nh kh&aacute; liều lĩnh, v&igrave; l&uacute;c đ&oacute; chỉ nghĩ đơn giản l&agrave; m&ocirc; h&igrave;nh n&agrave;y hay, tốt n&ecirc;n l&agrave;m th&ocirc;i\", chị n&oacute;i.</p>', '11', '1', '1', 24, '2021-09-30 07:24:51', '2021-10-12 16:48:03'),
(36, 'Trung tâm hành chính mới ở Tây Hồ Tây có hình hài ra sao.....?', 'public/image/posts/1632987755-bat-dong-san-crop-1629875463331.jpeg', 'Dân trí Theo ý tưởng quy hoạch, kiến trúc đạt giải A, toàn bộ trung tâm hành chính tổng hợp - trụ sở làm việc của 12 bộ, ngành trung ương - được bao phủ bởi không gian xanh mướt.', '<p>Bộ X&acirc;y dựng mới đ&acirc;y quyết định chọn 5 &yacute; tưởng quy hoạch, kiến tr&uacute;c tổng thể x&acirc;y dựng trụ sở l&agrave;m việc của 12 bộ, ng&agrave;nh trung ương tại khu vực T&acirc;y Hồ T&acirc;y, H&agrave; Nội để tr&igrave;nh Ch&iacute;nh phủ quyết định.&nbsp;</p>\r\n<p>&Yacute; tưởng \"Dải ng&acirc;n h&agrave; xanh chốn Thăng Long - Thang Long Green Galaxy\" đạt giải A. Đơn vị thiết kế lập quy hoạch v&agrave; kiến tr&uacute;c tổng thể l&agrave; li&ecirc;n danh Nhật Bản. Ngo&agrave;i giải A th&igrave; c&oacute; 2 giải B, C v&agrave; 2 giải khuyến kh&iacute;ch.</p>', '11', '3', '1', 25, '2021-09-30 07:25:41', '2021-10-01 08:09:05');

-- --------------------------------------------------------

--
-- Cấu trúc bảng cho bảng `productcats`
--

CREATE TABLE `productcats` (
  `id` bigint(20) UNSIGNED NOT NULL,
  `catname` varchar(255) COLLATE utf8mb4_unicode_ci NOT NULL,
  `creator` varchar(50) COLLATE utf8mb4_unicode_ci DEFAULT NULL,
  `repairer` varchar(50) COLLATE utf8mb4_unicode_ci DEFAULT NULL,
  `disabler` varchar(50) COLLATE utf8mb4_unicode_ci DEFAULT NULL,
  `created_at` timestamp NULL DEFAULT NULL,
  `updated_at` timestamp NULL DEFAULT NULL
) ENGINE=InnoDB DEFAULT CHARSET=utf8mb4 COLLATE=utf8mb4_unicode_ci;

--
-- Đang đổ dữ liệu cho bảng `productcats`
--

INSERT INTO `productcats` (`id`, `catname`, `creator`, `repairer`, `disabler`, `created_at`, `updated_at`) VALUES
(12, 'Điện thoại', '11', NULL, 'active', '2021-09-28 18:44:15', '2021-09-30 08:06:47'),
(13, 'Lap top', '11', NULL, 'active', '2021-09-28 18:44:23', '2021-09-28 18:44:23'),
(14, 'Máy tính bảng', '11', NULL, 'active', '2021-09-28 18:44:35', '2021-09-28 18:44:35'),
(15, 'Đồng hồ', '11', NULL, 'active', '2021-09-28 18:44:43', '2021-09-30 08:25:16'),
(19, 'dddddddddđnew', '11', '1', '1', '2021-09-30 08:40:37', '2021-10-15 14:22:55'),
(21, 'Thiết bị văn phòng', '1', NULL, '1', '2021-09-30 08:46:07', '2021-10-01 08:07:25'),
(22, 'phụ kiện điện tử', '1', NULL, 'active', '2021-10-15 15:02:02', '2021-10-15 15:02:02'),
(23, 'Đồ gia dụng', '1', NULL, 'active', '2021-10-15 15:02:10', '2021-10-15 15:02:10');

-- --------------------------------------------------------

--
-- Cấu trúc bảng cho bảng `products`
--

CREATE TABLE `products` (
  `id` bigint(20) UNSIGNED NOT NULL,
  `masp` varchar(255) COLLATE utf8mb4_unicode_ci NOT NULL,
  `thumbnail` varchar(255) COLLATE utf8mb4_unicode_ci NOT NULL,
  `name` varchar(255) COLLATE utf8mb4_unicode_ci NOT NULL,
  `qty` int(11) NOT NULL,
  `color` varchar(255) COLLATE utf8mb4_unicode_ci NOT NULL,
  `status` varchar(255) COLLATE utf8mb4_unicode_ci DEFAULT NULL,
  `price` bigint(20) UNSIGNED NOT NULL,
  `description` text COLLATE utf8mb4_unicode_ci DEFAULT NULL,
  `the_firm` varchar(50) COLLATE utf8mb4_unicode_ci DEFAULT NULL,
  `product_speak` varchar(50) COLLATE utf8mb4_unicode_ci DEFAULT NULL,
  `product_selling` varchar(50) COLLATE utf8mb4_unicode_ci DEFAULT NULL,
  `creator` varchar(50) COLLATE utf8mb4_unicode_ci DEFAULT NULL,
  `repairer` varchar(50) COLLATE utf8mb4_unicode_ci DEFAULT NULL,
  `disabler` varchar(50) COLLATE utf8mb4_unicode_ci DEFAULT NULL,
  `productcat_id` bigint(20) UNSIGNED NOT NULL,
  `created_at` timestamp NULL DEFAULT NULL,
  `updated_at` timestamp NULL DEFAULT NULL
) ENGINE=InnoDB DEFAULT CHARSET=utf8mb4 COLLATE=utf8mb4_unicode_ci;

--
-- Đang đổ dữ liệu cho bảng `products`
--

INSERT INTO `products` (`id`, `masp`, `thumbnail`, `name`, `qty`, `color`, `status`, `price`, `description`, `the_firm`, `product_speak`, `product_selling`, `creator`, `repairer`, `disabler`, `productcat_id`, `created_at`, `updated_at`) VALUES
(17, 'DT001', 'public/image/products/1634283114-img-pro-08.png', 'Sony Xperia XZ Dual', 6, 'đen', 'mới', 11990000, '<p>Contrary to popular belief, Lorem Ipsum is not simply random text. It has roots in a piece of classical Latin literature from 45 BC, making it over 2000 years old. Richard McClintock, a Latin professor at Hampden-Sydney College in Virginia, looked up one of the more obscure Latin words, consectetur</p>\r\n<p><img src=\"/unimart/public/storage/photos/11/dien-thoai/samsung-galaxy-note-20-125820-105803.jpg\" alt=\"\" width=\"800\" height=\"533\" /></p>\r\n<p>Contrary to popular belief, Lorem Ipsum is not simply random text. It has roots in a piece of classical Latin literature from 45 BC, making it over 2000 years old. Richard McClintock, a Latin professor at Hampden-Sydney College in Virginia, looked up one of the more obscure Latin words, consectetur</p>\r\n<p><img src=\"/unimart/public/storage/photos/1/dien-thoai/samsung-galaxy-note-20-125820-105811.jpg\" alt=\"\" width=\"800\" height=\"533\" /></p>\r\n<p>Contrary to popular belief, Lorem Ipsum is not simply random text. It has roots in a piece of classical Latin literature from 45 BC, making it over 2000 years old. Richard McClintock, a Latin professor at Hampden-Sydney College in Virginia, looked up one of the more obscure Latin words, consectetur</p>\r\n<p><img src=\"/unimart/public/storage/photos/1/dien-thoai/samsung-galaxy-note-20-224320-024303.jpg\" alt=\"\" width=\"800\" height=\"533\" /></p>\r\n<p>Contrary to popular belief, Lorem Ipsum is not simply random text. It has roots in a piece of classical Latin literature from 45 BC, making it over 2000 years old. Richard McClintock, a Latin professor at Hampden-Sydney College in Virginia, looked up one of the more obscure Latin words, consectetur</p>\r\n<p><img src=\"/unimart/public/storage/photos/1/dien-thoai/samsung-galaxy-note-20-230020-020036 (1).jpg\" alt=\"\" width=\"800\" height=\"533\" /></p>\r\n<p>Contrary to popular belief, Lorem Ipsum is not simply random text. It has roots in a piece of classical Latin literature from 45 BC, making it over 2000 years old. Richard McClintock, a Latin professor at Hampden-Sydney College in Virginia, looked up one of the more obscure Latin words, consectetur</p>\r\n<p><img src=\"/unimart/public/storage/photos/1/dien-thoai/samsung-galaxy-note-20-235520-015514.jpg\" alt=\"\" width=\"800\" height=\"533\" /></p>\r\n<p>Contrary to popular belief, Lorem Ipsum is not simply random text. It has roots in a piece of classical Latin literature from 45 BC, making it over 2000 years old. Richard McClintock, a Latin professor at Hampden-Sydney College in Virginia, looked up one of the more obscure Latin words, consectetur</p>', 'sony', 'speak', NULL, '11', '1', 'active', 12, '2021-09-29 07:19:02', '2021-10-26 15:58:42'),
(18, 'DT002', 'public/image/products/1634283422-img-pro-09.png', 'Samsung Galaxy A8', 10, 'trắng', 'mới', 7990000, '<p>Contrary to popular belief, Lorem Ipsum is not simply random text. It has roots in a piece of classical Latin literature from 45 BC, making it over 2000 years old. Richard McClintock, a Latin professor at Hampden-Sydney College in Virginia, looked up one of the more obscure Latin words</p>\r\n<p><img src=\"/unimart/public/storage/photos/11/dien-thoai/samsung-galaxy-note-20-125820-105803.jpg\" alt=\"\" width=\"800\" height=\"533\" /></p>\r\n<p>Contrary to popular belief, Lorem Ipsum is not simply random text. It has roots in a piece of classical Latin literature from 45 BC, making it over 2000 years old. Richard McClintock, a Latin professor at Hampden-Sydney College in Virginia, looked up one of the more obscure Latin words</p>\r\n<p><img src=\"/unimart/public/storage/photos/1/dien-thoai/samsung-galaxy-note-20-125820-105811.jpg\" alt=\"\" width=\"800\" height=\"533\" /></p>\r\n<p>Contrary to popular belief, Lorem Ipsum is not simply random text. It has roots in a piece of classical Latin literature from 45 BC, making it over 2000 years old. Richard McClintock, a Latin professor at Hampden-Sydney College in Virginia, looked up one of the more obscure Latin words</p>\r\n<p><img src=\"/unimart/public/storage/photos/1/dien-thoai/samsung-galaxy-note-20-224320-024303.jpg\" alt=\"\" width=\"800\" height=\"533\" /></p>\r\n<p>Contrary to popular belief, Lorem Ipsum is not simply random text. It has roots in a piece of classical Latin literature from 45 BC, making it over 2000 years old. Richard McClintock, a Latin professor at Hampden-Sydney College in Virginia, looked up one of the more obscure Latin words</p>\r\n<p><img src=\"/unimart/public/storage/photos/1/dien-thoai/samsung-galaxy-note-20-230020-020036 (1).jpg\" alt=\"\" width=\"800\" height=\"533\" /></p>\r\n<p>Contrary to popular belief, Lorem Ipsum is not simply random text. It has roots in a piece of classical Latin literature from 45 BC, making it over 2000 years old. Richard McClintock, a Latin professor at Hampden-Sydney College in Virginia, looked up one of the more obscure Latin words</p>\r\n<p><img src=\"/unimart/public/storage/photos/1/dien-thoai/samsung-galaxy-note-20-235520-015514.jpg\" alt=\"\" width=\"800\" height=\"533\" /></p>\r\n<p>Contrary to popular belief, Lorem Ipsum is not simply random text. It has roots in a piece of classical Latin literature from 45 BC, making it over 2000 years old. Richard McClintock, a Latin professor at Hampden-Sydney College in Virginia, looked up one of the more obscure Latin words</p>\r\n<p><img src=\"/unimart/public/storage/photos/1/dien-thoai/samsung-galaxy-note-20-235720-125702.jpg\" alt=\"\" width=\"800\" height=\"533\" /></p>\r\n<p>Contrary to popular belief, Lorem Ipsum is not simply random text. It has roots in a piece of classical Latin literature from 45 BC, making it over 2000 years old. Richard McClintock, a Latin professor at Hampden-Sydney College in Virginia, looked up one of the more obscure Latin words</p>', 'samsung', NULL, NULL, '11', '1', 'active', 12, '2021-09-29 07:21:58', '2021-10-26 15:57:17'),
(19, 'DT003', 'public/image/products/1634283568-img-pro-16.png', 'Motorola Moto G5S Plus', 9, 'đen', 'mới', 6990000, '<p>Contrary to popular belief, Lorem Ipsum is not simply random text. It has roots in a piece of classical Latin literature from 45 BC, making it over 2000 years old. Richard McClintock, a Latin professor at Hampden-Sydney College in Virginia, looked up one of the more obscure Latin words</p>\r\n<p><img src=\"/unimart/public/storage/photos/11/dien-thoai/samsung-galaxy-note-20-125820-105803.jpg\" alt=\"\" width=\"800\" height=\"533\" /></p>\r\n<p>Contrary to popular belief, Lorem Ipsum is not simply random text. It has roots in a piece of classical Latin literature from 45 BC, making it over 2000 years old. Richard McClintock, a Latin professor at Hampden-Sydney College in Virginia, looked up one of the more obscure Latin words</p>\r\n<p><img src=\"/unimart/public/storage/photos/1/dien-thoai/samsung-galaxy-note-20-125820-105811.jpg\" alt=\"\" width=\"800\" height=\"533\" /></p>\r\n<p>Contrary to popular belief, Lorem Ipsum is not simply random text. It has roots in a piece of classical Latin literature from 45 BC, making it over 2000 years old. Richard McClintock, a Latin professor at Hampden-Sydney College in Virginia, looked up one of the more obscure Latin words</p>\r\n<p><img src=\"/unimart/public/storage/photos/1/dien-thoai/samsung-galaxy-note-20-230020-020036 (1).jpg\" alt=\"\" width=\"800\" height=\"533\" /></p>\r\n<p>Contrary to popular belief, Lorem Ipsum is not simply random text. It has roots in a piece of classical Latin literature from 45 BC, making it over 2000 years old. Richard McClintock, a Latin professor at Hampden-Sydney College in Virginia, looked up one of the more obscure Latin words</p>\r\n<p><img src=\"/unimart/public/storage/photos/1/dien-thoai/samsung-galaxy-note-20-224320-024303.jpg\" alt=\"\" width=\"800\" height=\"533\" /></p>\r\n<p>Contrary to popular belief, Lorem Ipsum is not simply random text. It has roots in a piece of classical Latin literature from 45 BC, making it over 2000 years old. Richard McClintock, a Latin professor at Hampden-Sydney College in Virginia, looked up one of the more obscure Latin words</p>\r\n<p><img src=\"/unimart/public/storage/photos/1/dien-thoai/samsung-galaxy-note-20-235520-015514.jpg\" alt=\"\" width=\"800\" height=\"533\" /></p>\r\n<p>Contrary to popular belief, Lorem Ipsum is not simply random text. It has roots in a piece of classical Latin literature from 45 BC, making it over 2000 years old. Richard McClintock, a Latin professor at Hampden-Sydney College in Virginia, looked up one of the more obscure Latin words</p>\r\n<p><img src=\"/unimart/public/storage/photos/1/dien-thoai/samsung-galaxy-note-20-235720-125702.jpg\" alt=\"\" width=\"800\" height=\"533\" /></p>\r\n<p>Contrary to popular belief, Lorem Ipsum is not simply random text. It has roots in a piece of classical Latin literature from 45 BC, making it over 2000 years old. Richard McClintock, a Latin professor at Hampden-Sydney College in Virginia, looked up one of the more obscure Latin words</p>', 'motorolla', NULL, 'selling', '11', '1', 'active', 12, '2021-09-29 07:25:48', '2021-10-26 15:57:17'),
(20, 'DT4', 'public/image/products/1634291591-img-pro-15.png', 'Samsung Galaxy A5', 9, 'xanh', 'mới', 7990000, '<p>Contrary to popular belief, Lorem Ipsum is not simply random text. It has roots in a piece of classical Latin literature from 45 BC, making it over 2000 years old. Richard McClintock, a Latin professor at Hampden-Sydney College in Virginia, looked up one of the more obscure Latin words</p>\r\n<p><img src=\"/unimart/public/storage/photos/11/dien-thoai/samsung-galaxy-note-20-125820-105803.jpg\" alt=\"\" width=\"800\" height=\"533\" /></p>\r\n<p>Contrary to popular belief, Lorem Ipsum is not simply random text. It has roots in a piece of classical Latin literature from 45 BC, making it over 2000 years old. Richard McClintock, a Latin professor at Hampden-Sydney College in Virginia, looked up one of the more obscure Latin words</p>\r\n<p><img src=\"/unimart/public/storage/photos/1/dien-thoai/samsung-galaxy-note-20-125820-105811.jpg\" alt=\"\" width=\"800\" height=\"533\" /></p>\r\n<p>Contrary to popular belief, Lorem Ipsum is not simply random text. It has roots in a piece of classical Latin literature from 45 BC, making it over 2000 years old. Richard McClintock, a Latin professor at Hampden-Sydney College in Virginia, looked up one of the more obscure Latin words</p>\r\n<p><img src=\"/unimart/public/storage/photos/1/dien-thoai/samsung-galaxy-note-20-224320-024303.jpg\" alt=\"\" width=\"800\" height=\"533\" /></p>\r\n<p>Contrary to popular belief, Lorem Ipsum is not simply random text. It has roots in a piece of classical Latin literature from 45 BC, making it over 2000 years old. Richard McClintock, a Latin professor at Hampden-Sydney College in Virginia, looked up one of the more obscure Latin words</p>\r\n<p><img src=\"/unimart/public/storage/photos/1/dien-thoai/samsung-galaxy-note-20-230020-020036 (1).jpg\" alt=\"\" width=\"800\" height=\"533\" /></p>\r\n<p>Contrary to popular belief, Lorem Ipsum is not simply random text. It has roots in a piece of classical Latin literature from 45 BC, making it over 2000 years old. Richard McClintock, a Latin professor at Hampden-Sydney College in Virginia, looked up one of the more obscure Latin words</p>\r\n<p><img src=\"/unimart/public/storage/photos/1/dien-thoai/samsung-galaxy-note-20-235520-015514.jpg\" alt=\"\" width=\"800\" height=\"533\" /></p>\r\n<p>Contrary to popular belief, Lorem Ipsum is not simply random text. It has roots in a piece of classical Latin literature from 45 BC, making it over 2000 years old. Richard McClintock, a Latin professor at Hampden-Sydney College in Virginia, looked up one of the more obscure Latin words</p>\r\n<p><img src=\"/unimart/public/storage/photos/1/dien-thoai/samsung-galaxy-note-20-235720-125702.jpg\" alt=\"\" width=\"800\" height=\"533\" /></p>\r\n<p>Contrary to popular belief, Lorem Ipsum is not simply random text. It has roots in a piece of classical Latin literature from 45 BC, making it over 2000 years old. Richard McClintock, a Latin professor at Hampden-Sydney College in Virginia, looked up one of the more obscure Latin words</p>', 'samsung', NULL, NULL, '11', '1', 'active', 12, '2021-09-29 07:28:18', '2021-10-26 15:57:17'),
(21, 'DT005', 'public/image/products/1634291679-img-pro-14.png', 'Sony Xperia XA Ultra', 10, 'vàng', 'mới', 8990000, '<p>Contrary to popular belief, Lorem Ipsum is not simply random text. It has roots in a piece of classical Latin literature from 45 BC, making it over 2000 years old. Richard McClintock, a Latin professor at Hampden-Sydney College in Virginia, looked up one of the more obscure Latin words</p>\r\n<p><img src=\"/unimart/public/storage/photos/11/dien-thoai/samsung-galaxy-note-20-125820-105803.jpg\" alt=\"\" width=\"800\" height=\"533\" /></p>\r\n<p>Contrary to popular belief, Lorem Ipsum is not simply random text. It has roots in a piece of classical Latin literature from 45 BC, making it over 2000 years old. Richard McClintock, a Latin professor at Hampden-Sydney College in Virginia, looked up one of the more obscure Latin words</p>\r\n<p><img src=\"/unimart/public/storage/photos/1/dien-thoai/samsung-galaxy-note-20-125820-105811.jpg\" alt=\"\" width=\"800\" height=\"533\" /></p>\r\n<p>Contrary to popular belief, Lorem Ipsum is not simply random text. It has roots in a piece of classical Latin literature from 45 BC, making it over 2000 years old. Richard McClintock, a Latin professor at Hampden-Sydney College in Virginia, looked up one of the more obscure Latin words</p>\r\n<p><img src=\"/unimart/public/storage/photos/1/dien-thoai/samsung-galaxy-note-20-224320-024303.jpg\" alt=\"\" width=\"800\" height=\"533\" /></p>\r\n<p>Contrary to popular belief, Lorem Ipsum is not simply random text. It has roots in a piece of classical Latin literature from 45 BC, making it over 2000 years old. Richard McClintock, a Latin professor at Hampden-Sydney College in Virginia, looked up one of the more obscure Latin words</p>\r\n<p><img src=\"/unimart/public/storage/photos/1/dien-thoai/samsung-galaxy-note-20-230020-020036 (1).jpg\" alt=\"\" width=\"800\" height=\"533\" /></p>\r\n<p>Contrary to popular belief, Lorem Ipsum is not simply random text. It has roots in a piece of classical Latin literature from 45 BC, making it over 2000 years old. Richard McClintock, a Latin professor at Hampden-Sydney College in Virginia, looked up one of the more obscure Latin words</p>\r\n<p><img src=\"/unimart/public/storage/photos/1/dien-thoai/samsung-galaxy-note-20-235520-015514.jpg\" alt=\"\" width=\"800\" height=\"533\" /></p>\r\n<p>Contrary to popular belief, Lorem Ipsum is not simply random text. It has roots in a piece of classical Latin literature from 45 BC, making it over 2000 years old. Richard McClintock, a Latin professor at Hampden-Sydney College in Virginia, looked up one of the more obscure Latin words</p>', 'sony', NULL, NULL, '11', '1', 'active', 12, '2021-09-29 07:34:34', '2021-10-26 15:57:17'),
(22, 'DT006', 'public/image/products/1634291745-img-pro-13.png', 'Huawei Nova 2i', 8, 'xanh', 'mới', 6660000, '<p>Contrary to popular belief, Lorem Ipsum is not simply random text. It has roots in a piece of classical Latin literature from 45 BC, making it over 2000 years old. Richard McClintock, a Latin professor at Hampden-Sydney College in Virginia, looked up one of the more obscure Latin words</p>\r\n<p><img src=\"/unimart/public/storage/photos/11/dien-thoai/samsung-galaxy-note-20-125820-105803.jpg\" alt=\"\" width=\"800\" height=\"533\" /></p>\r\n<p>Contrary to popular belief, Lorem Ipsum is not simply random text. It has roots in a piece of classical Latin literature from 45 BC, making it over 2000 years old. Richard McClintock, a Latin professor at Hampden-Sydney College in Virginia, looked up one of the more obscure Latin words</p>\r\n<p><img src=\"/unimart/public/storage/photos/1/dien-thoai/samsung-galaxy-note-20-125820-105811.jpg\" alt=\"\" width=\"800\" height=\"533\" /></p>\r\n<p>Contrary to popular belief, Lorem Ipsum is not simply random text. It has roots in a piece of classical Latin literature from 45 BC, making it over 2000 years old. Richard McClintock, a Latin professor at Hampden-Sydney College in Virginia, looked up one of the more obscure Latin words</p>\r\n<p><img src=\"/unimart/public/storage/photos/1/dien-thoai/samsung-galaxy-note-20-224320-024303.jpg\" alt=\"\" width=\"800\" height=\"533\" /></p>\r\n<p>Contrary to popular belief, Lorem Ipsum is not simply random text. It has roots in a piece of classical Latin literature from 45 BC, making it over 2000 years old. Richard McClintock, a Latin professor at Hampden-Sydney College in Virginia, looked up one of the more obscure Latin words</p>\r\n<p><img src=\"/unimart/public/storage/photos/1/dien-thoai/samsung-galaxy-note-20-230020-020036 (1).jpg\" alt=\"\" width=\"800\" height=\"533\" /></p>\r\n<p>Contrary to popular belief, Lorem Ipsum is not simply random text. It has roots in a piece of classical Latin literature from 45 BC, making it over 2000 years old. Richard McClintock, a Latin professor at Hampden-Sydney College in Virginia, looked up one of the more obscure Latin words</p>\r\n<p><img src=\"/unimart/public/storage/photos/1/dien-thoai/samsung-galaxy-note-20-235520-015514.jpg\" alt=\"\" width=\"800\" height=\"533\" /></p>\r\n<p>Contrary to popular belief, Lorem Ipsum is not simply random text. It has roots in a piece of classical Latin literature from 45 BC, making it over 2000 years old. Richard McClintock, a Latin professor at Hampden-Sydney College in Virginia, looked up one of the more obscure Latin words</p>\r\n<p><img src=\"/unimart/public/storage/photos/1/dien-thoai/samsung-galaxy-note-20-235720-125702.jpg\" alt=\"\" width=\"800\" height=\"533\" /></p>\r\n<p>Contrary to popular belief, Lorem Ipsum is not simply random text. It has roots in a piece of classical Latin literature from 45 BC, making it over 2000 years old. Richard McClintock, a Latin professor at Hampden-Sydney College in Virginia, looked up one of the more obscure Latin words</p>', 'huawei', NULL, NULL, '11', '1', 'active', 12, '2021-09-29 07:37:08', '2021-10-26 15:57:17'),
(23, 'DT007', 'public/image/products/1634291820-img-pro-11.png', 'Xiaomi Mi A1', 9, 'đen', 'mới', 8990000, '<p>Contrary to popular belief, Lorem Ipsum is not simply random text. It has roots in a piece of classical Latin literature from 45 BC, making it over 2000 years old. Richard McClintock, a Latin professor at Hampden-Sydney College in Virginia, looked up one of the more obscure Latin words</p>\r\n<p><img src=\"/unimart/public/storage/photos/11/dien-thoai/samsung-galaxy-note-20-125820-105803.jpg\" alt=\"\" width=\"800\" height=\"533\" /></p>\r\n<p>Contrary to popular belief, Lorem Ipsum is not simply random text. It has roots in a piece of classical Latin literature from 45 BC, making it over 2000 years old. Richard McClintock, a Latin professor at Hampden-Sydney College in Virginia, looked up one of the more obscure Latin words</p>\r\n<p><img src=\"/unimart/public/storage/photos/1/dien-thoai/samsung-galaxy-note-20-125820-105811.jpg\" alt=\"\" width=\"800\" height=\"533\" /></p>\r\n<p>Contrary to popular belief, Lorem Ipsum is not simply random text. It has roots in a piece of classical Latin literature from 45 BC, making it over 2000 years old. Richard McClintock, a Latin professor at Hampden-Sydney College in Virginia, looked up one of the more obscure Latin words</p>\r\n<p><img src=\"/unimart/public/storage/photos/1/dien-thoai/samsung-galaxy-note-20-224320-024303.jpg\" alt=\"\" width=\"800\" height=\"533\" /></p>\r\n<p>Contrary to popular belief, Lorem Ipsum is not simply random text. It has roots in a piece of classical Latin literature from 45 BC, making it over 2000 years old. Richard McClintock, a Latin professor at Hampden-Sydney College in Virginia, looked up one of the more obscure Latin words</p>\r\n<p><img src=\"/unimart/public/storage/photos/1/dien-thoai/samsung-galaxy-note-20-230020-020036 (1).jpg\" alt=\"\" width=\"800\" height=\"533\" /></p>\r\n<p>Contrary to popular belief, Lorem Ipsum is not simply random text. It has roots in a piece of classical Latin literature from 45 BC, making it over 2000 years old. Richard McClintock, a Latin professor at Hampden-Sydney College in Virginia, looked up one of the more obscure Latin words</p>\r\n<p><img src=\"/unimart/public/storage/photos/1/dien-thoai/samsung-galaxy-note-20-235520-015514.jpg\" alt=\"\" width=\"800\" height=\"533\" /></p>\r\n<p>Contrary to popular belief, Lorem Ipsum is not simply random text. It has roots in a piece of classical Latin literature from 45 BC, making it over 2000 years old. Richard McClintock, a Latin professor at Hampden-Sydney College in Virginia, looked up one of the more obscure Latin words</p>\r\n<p><img src=\"/unimart/public/storage/photos/1/dien-thoai/samsung-galaxy-note-20-235720-125702.jpg\" alt=\"\" width=\"800\" height=\"533\" /></p>\r\n<p>Contrary to popular belief, Lorem Ipsum is not simply random text. It has roots in a piece of classical Latin literature from 45 BC, making it over 2000 years old. Richard McClintock, a Latin professor at Hampden-Sydney College in Virginia, looked up one of the more obscure Latin words</p>', 'xiami', NULL, NULL, '11', '1', 'active', 12, '2021-09-29 07:39:36', '2021-10-26 15:57:17'),
(24, 'DT008', 'public/image/products/img-pro-12.png', 'HTC U Ultra Sapphire', 10, 'đen', 'mới', 10990000, '<p>Contrary to popular belief, Lorem Ipsum is not simply random text. It has roots in a piece of classical Latin literature from 45 BC, making it over 2000 years old. Richard McClintock, a Latin professor at Hampden-Sydney College in Virginia, looked up one of the more obscure Latin words</p>\r\n<p><img src=\"/unimart/public/storage/photos/11/dien-thoai/samsung-galaxy-note-20-125820-105803.jpg\" alt=\"\" width=\"800\" height=\"533\" /></p>\r\n<p>Contrary to popular belief, Lorem Ipsum is not simply random text. It has roots in a piece of classical Latin literature from 45 BC, making it over 2000 years old. Richard McClintock, a Latin professor at Hampden-Sydney College in Virginia, looked up one of the more obscure Latin words</p>\r\n<p><img src=\"/unimart/public/storage/photos/1/dien-thoai/samsung-galaxy-note-20-125820-105811.jpg\" alt=\"\" width=\"800\" height=\"533\" /></p>\r\n<p>Contrary to popular belief, Lorem Ipsum is not simply random text. It has roots in a piece of classical Latin literature from 45 BC, making it over 2000 years old. Richard McClintock, a Latin professor at Hampden-Sydney College in Virginia, looked up one of the more obscure Latin words</p>\r\n<p><img src=\"/unimart/public/storage/photos/1/dien-thoai/samsung-galaxy-note-20-224320-024303.jpg\" alt=\"\" width=\"800\" height=\"533\" /></p>\r\n<p>Contrary to popular belief, Lorem Ipsum is not simply random text. It has roots in a piece of classical Latin literature from 45 BC, making it over 2000 years old. Richard McClintock, a Latin professor at Hampden-Sydney College in Virginia, looked up one of the more obscure Latin words</p>\r\n<p><img src=\"/unimart/public/storage/photos/1/dien-thoai/samsung-galaxy-note-20-230020-020036 (1).jpg\" alt=\"\" width=\"800\" height=\"533\" /></p>\r\n<p>Contrary to popular belief, Lorem Ipsum is not simply random text. It has roots in a piece of classical Latin literature from 45 BC, making it over 2000 years old. Richard McClintock, a Latin professor at Hampden-Sydney College in Virginia, looked up one of the more obscure Latin words</p>\r\n<p><img src=\"/unimart/public/storage/photos/1/dien-thoai/samsung-galaxy-note-20-235520-015514.jpg\" alt=\"\" width=\"800\" height=\"533\" /></p>\r\n<p>Contrary to popular belief, Lorem Ipsum is not simply random text. It has roots in a piece of classical Latin literature from 45 BC, making it over 2000 years old. Richard McClintock, a Latin professor at Hampden-Sydney College in Virginia, looked up one of the more obscure Latin words</p>\r\n<p><img src=\"/unimart/public/storage/photos/1/dien-thoai/samsung-galaxy-note-20-235720-125702.jpg\" alt=\"\" width=\"800\" height=\"533\" /></p>\r\n<p>Contrary to popular belief, Lorem Ipsum is not simply random text. It has roots in a piece of classical Latin literature from 45 BC, making it over 2000 years old. Richard McClintock, a Latin professor at Hampden-Sydney College in Virginia, looked up one of the more obscure Latin words</p>', 'htc', 'speak', NULL, '11', '1', 'active', 12, '2021-09-29 07:42:10', '2021-10-26 15:57:17'),
(25, 'DT009', 'public/image/products/1634291976-img-pro-10.png', 'iphone 2017', 10, 'đen', 'mới', 16990000, '<p>Contrary to popular belief, Lorem Ipsum is not simply random text. It has roots in a piece of classical Latin literature from 45 BC, making it over 2000 years old. Richard McClintock, a Latin professor at Hampden-Sydney College in Virginia, looked up one of the more obscure Latin words</p>\r\n<p><img src=\"/unimart/public/storage/photos/11/dien-thoai/samsung-galaxy-note-20-125820-105803.jpg\" alt=\"\" width=\"800\" height=\"533\" /></p>\r\n<p>Contrary to popular belief, Lorem Ipsum is not simply random text. It has roots in a piece of classical Latin literature from 45 BC, making it over 2000 years old. Richard McClintock, a Latin professor at Hampden-Sydney College in Virginia, looked up one of the more obscure Latin words</p>\r\n<p><img src=\"/unimart/public/storage/photos/1/dien-thoai/samsung-galaxy-note-20-125820-105811.jpg\" alt=\"\" width=\"800\" height=\"533\" /></p>\r\n<p>Contrary to popular belief, Lorem Ipsum is not simply random text. It has roots in a piece of classical Latin literature from 45 BC, making it over 2000 years old. Richard McClintock, a Latin professor at Hampden-Sydney College in Virginia, looked up one of the more obscure Latin words</p>\r\n<p><img src=\"/unimart/public/storage/photos/1/dien-thoai/samsung-galaxy-note-20-224320-024303.jpg\" alt=\"\" width=\"800\" height=\"533\" /></p>\r\n<p>Contrary to popular belief, Lorem Ipsum is not simply random text. It has roots in a piece of classical Latin literature from 45 BC, making it over 2000 years old. Richard McClintock, a Latin professor at Hampden-Sydney College in Virginia, looked up one of the more obscure Latin words</p>\r\n<p><img src=\"/unimart/public/storage/photos/1/dien-thoai/samsung-galaxy-note-20-230020-020036 (1).jpg\" alt=\"\" width=\"800\" height=\"533\" /></p>\r\n<p>Contrary to popular belief, Lorem Ipsum is not simply random text. It has roots in a piece of classical Latin literature from 45 BC, making it over 2000 years old. Richard McClintock, a Latin professor at Hampden-Sydney College in Virginia, looked up one of the more obscure Latin words</p>\r\n<p><img src=\"/unimart/public/storage/photos/1/dien-thoai/samsung-galaxy-note-20-235520-015514.jpg\" alt=\"\" width=\"800\" height=\"533\" /></p>\r\n<p>Contrary to popular belief, Lorem Ipsum is not simply random text. It has roots in a piece of classical Latin literature from 45 BC, making it over 2000 years old. Richard McClintock, a Latin professor at Hampden-Sydney College in Virginia, looked up one of the more obscure Latin words</p>\r\n<p><img src=\"/unimart/public/storage/photos/1/dien-thoai/samsung-galaxy-note-20-235720-125702.jpg\" alt=\"\" width=\"800\" height=\"533\" /></p>\r\n<p>Contrary to popular belief, Lorem Ipsum is not simply random text. It has roots in a piece of classical Latin literature from 45 BC, making it over 2000 years old. Richard McClintock, a Latin professor at Hampden-Sydney College in Virginia, looked up one of the more obscure Latin words</p>', 'iphone', 'speak', NULL, '11', '1', 'active', 12, '2021-09-29 07:44:18', '2021-10-26 15:57:17'),
(26, 'LT001', 'public/image/products/1634292144-img-pro-17.png', 'Laptop Asus X441NA', 8, 'đen', 'mới', 8990000, '<p>Contrary to popular belief, Lorem Ipsum is not simply random text. It has roots in a piece of classical Latin literature from 45 BC, making it over 2000 years old. Richard McClintock, a Latin professor at Hampden-Sydney College in Virginia, looked up one of the more obscure Latin words</p>\r\n<p><img src=\"/unimart/public/storage/photos/1/lap-top/hp-pavilion-15-eg0505tu-i5-46m02pa-2-1.jpg\" alt=\"\" width=\"1020\" height=\"570\" /></p>\r\n<p>Contrary to popular belief, Lorem Ipsum is not simply random text. It has roots in a piece of classical Latin literature from 45 BC, making it over 2000 years old. Richard McClintock, a Latin professor at Hampden-Sydney College in Virginia, looked up one of the more obscure Latin words</p>\r\n<p><img src=\"/unimart/public/storage/photos/1/lap-top/hp-pavilion-15-eg0505tu-i5-46m02pa-4-1.jpg\" alt=\"\" width=\"1020\" height=\"570\" /></p>\r\n<p>Contrary to popular belief, Lorem Ipsum is not simply random text. It has roots in a piece of classical Latin literature from 45 BC, making it over 2000 years old. Richard McClintock, a Latin professor at Hampden-Sydney College in Virginia, looked up one of the more obscure Latin words</p>\r\n<p><img src=\"/unimart/public/storage/photos/1/lap-top/hp-pavilion-15-eg0505tu-i5-46m02pa-5-1.jpg\" alt=\"\" width=\"1020\" height=\"570\" /></p>\r\n<p>Contrary to popular belief, Lorem Ipsum is not simply random text. It has roots in a piece of classical Latin literature from 45 BC, making it over 2000 years old. Richard McClintock, a Latin professor at Hampden-Sydney College in Virginia, looked up one of the more obscure Latin words</p>\r\n<p><img src=\"/unimart/public/storage/photos/1/lap-top/hp-pavilion-15-eg0505tu-i5-46m02pa-6-1.jpg\" alt=\"\" width=\"1020\" height=\"570\" /></p>\r\n<p>Contrary to popular belief, Lorem Ipsum is not simply random text. It has roots in a piece of classical Latin literature from 45 BC, making it over 2000 years old. Richard McClintock, a Latin professor at Hampden-Sydney College in Virginia, looked up one of the more obscure Latin words</p>\r\n<p><img src=\"/unimart/public/storage/photos/1/lap-top/hp-pavilion-15-eg0505tu-i5-46m02pa-8-1.jpg\" alt=\"\" width=\"1020\" height=\"570\" /></p>\r\n<p>Contrary to popular belief, Lorem Ipsum is not simply random text. It has roots in a piece of classical Latin literature from 45 BC, making it over 2000 years old. Richard McClintock, a Latin professor at Hampden-Sydney College in Virginia, looked up one of the more obscure Latin words</p>\r\n<p><img src=\"/unimart/public/storage/photos/1/lap-top/hp-pavilion-15-eg0505tu-i5-46m02pa-9-1.jpg\" alt=\"\" width=\"1020\" height=\"570\" /></p>\r\n<p>Contrary to popular belief, Lorem Ipsum is not simply random text. It has roots in a piece of classical Latin literature from 45 BC, making it over 2000 years old. Richard McClintock, a Latin professor at Hampden-Sydney College in Virginia, looked up one of the more obscure Latin words</p>', 'asus', 'speak', NULL, '11', '1', 'active', 13, '2021-09-29 07:55:47', '2021-10-26 15:57:17'),
(27, 'LT002', 'public/image/products/1634292285-img-pro-18.png', 'Laptop Asus IdeaPad 110', 10, 'đen', 'mới', 11990000, '<p>Contrary to popular belief, Lorem Ipsum is not simply random text. It has roots in a piece of classical Latin literature from 45 BC, making it over 2000 years old. Richard McClintock, a Latin professor at Hampden-Sydney College in Virginia, looked up one of the more obscure Latin words</p>\r\n<p><img src=\"/unimart/public/storage/photos/1/lap-top/hp-pavilion-15-eg0505tu-i5-46m02pa-2-1.jpg\" alt=\"\" width=\"1020\" height=\"570\" /></p>\r\n<p>Contrary to popular belief, Lorem Ipsum is not simply random text. It has roots in a piece of classical Latin literature from 45 BC, making it over 2000 years old. Richard McClintock, a Latin professor at Hampden-Sydney College in Virginia, looked up one of the more obscure Latin words</p>\r\n<p><img src=\"/unimart/public/storage/photos/1/lap-top/hp-pavilion-15-eg0505tu-i5-46m02pa-4-1.jpg\" alt=\"\" width=\"1020\" height=\"570\" /></p>\r\n<p>Contrary to popular belief, Lorem Ipsum is not simply random text. It has roots in a piece of classical Latin literature from 45 BC, making it over 2000 years old. Richard McClintock, a Latin professor at Hampden-Sydney College in Virginia, looked up one of the more obscure Latin words</p>\r\n<p><img src=\"/unimart/public/storage/photos/1/lap-top/hp-pavilion-15-eg0505tu-i5-46m02pa-5-1.jpg\" alt=\"\" width=\"1020\" height=\"570\" /></p>\r\n<p>Contrary to popular belief, Lorem Ipsum is not simply random text. It has roots in a piece of classical Latin literature from 45 BC, making it over 2000 years old. Richard McClintock, a Latin professor at Hampden-Sydney College in Virginia, looked up one of the more obscure Latin words</p>\r\n<p><img src=\"/unimart/public/storage/photos/1/lap-top/hp-pavilion-15-eg0505tu-i5-46m02pa-6-1.jpg\" alt=\"\" width=\"1020\" height=\"570\" /></p>\r\n<p>Contrary to popular belief, Lorem Ipsum is not simply random text. It has roots in a piece of classical Latin literature from 45 BC, making it over 2000 years old. Richard McClintock, a Latin professor at Hampden-Sydney College in Virginia, looked up one of the more obscure Latin words</p>\r\n<p><img src=\"/unimart/public/storage/photos/1/lap-top/hp-pavilion-15-eg0505tu-i5-46m02pa-6-1.jpg\" alt=\"\" width=\"1020\" height=\"570\" /></p>\r\n<p>Contrary to popular belief, Lorem Ipsum is not simply random text. It has roots in a piece of classical Latin literature from 45 BC, making it over 2000 years old. Richard McClintock, a Latin professor at Hampden-Sydney College in Virginia, looked up one of the more obscure Latin words</p>\r\n<p><img src=\"/unimart/public/storage/photos/1/lap-top/hp-pavilion-15-eg0505tu-i5-46m02pa-8-1.jpg\" alt=\"\" width=\"1020\" height=\"570\" /></p>\r\n<p>Contrary to popular belief, Lorem Ipsum is not simply random text. It has roots in a piece of classical Latin literature from 45 BC, making it over 2000 years old. Richard McClintock, a Latin professor at Hampden-Sydney College in Virginia, looked up one of the more obscure Latin words</p>', 'asus', NULL, NULL, '11', '1', 'active', 13, '2021-09-29 07:58:20', '2021-10-26 15:57:17'),
(28, 'LT003', 'public/image/products/1634292359-img-pro-19.png', 'Laptop Acer ES1 533', 8, 'đen', 'mới', 14990000, '<p>Contrary to popular belief, Lorem Ipsum is not simply random text. It has roots in a piece of classical Latin literature from 45 BC, making it over 2000 years old. Richard McClintock, a Latin professor at Hampden-Sydney College in Virginia, looked up one of the more obscure Latin words</p>\r\n<p><img src=\"/unimart/public/storage/photos/1/lap-top/hp-pavilion-15-eg0505tu-i5-46m02pa-2-1.jpg\" alt=\"\" width=\"1020\" height=\"570\" /></p>\r\n<p>Contrary to popular belief, Lorem Ipsum is not simply random text. It has roots in a piece of classical Latin literature from 45 BC, making it over 2000 years old. Richard McClintock, a Latin professor at Hampden-Sydney College in Virginia, looked up one of the more obscure Latin words</p>\r\n<p><img src=\"/unimart/public/storage/photos/1/lap-top/hp-pavilion-15-eg0505tu-i5-46m02pa-4-1.jpg\" alt=\"\" width=\"1020\" height=\"570\" /></p>\r\n<p>Contrary to popular belief, Lorem Ipsum is not simply random text. It has roots in a piece of classical Latin literature from 45 BC, making it over 2000 years old. Richard McClintock, a Latin professor at Hampden-Sydney College in Virginia, looked up one of the more obscure Latin words</p>\r\n<p><img src=\"/unimart/public/storage/photos/1/lap-top/hp-pavilion-15-eg0505tu-i5-46m02pa-5-1.jpg\" alt=\"\" width=\"1020\" height=\"570\" /></p>\r\n<p>Contrary to popular belief, Lorem Ipsum is not simply random text. It has roots in a piece of classical Latin literature from 45 BC, making it over 2000 years old. Richard McClintock, a Latin professor at Hampden-Sydney College in Virginia, looked up one of the more obscure Latin words</p>\r\n<p><img src=\"/unimart/public/storage/photos/1/lap-top/hp-pavilion-15-eg0505tu-i5-46m02pa-6-1.jpg\" alt=\"\" width=\"1020\" height=\"570\" /></p>\r\n<p>Contrary to popular belief, Lorem Ipsum is not simply random text. It has roots in a piece of classical Latin literature from 45 BC, making it over 2000 years old. Richard McClintock, a Latin professor at Hampden-Sydney College in Virginia, looked up one of the more obscure Latin words</p>\r\n<p><img src=\"/unimart/public/storage/photos/1/lap-top/hp-pavilion-15-eg0505tu-i5-46m02pa-8-1.jpg\" alt=\"\" width=\"1020\" height=\"570\" /></p>\r\n<p>Contrary to popular belief, Lorem Ipsum is not simply random text. It has roots in a piece of classical Latin literature from 45 BC, making it over 2000 years old. Richard McClintock, a Latin professor at Hampden-Sydney College in Virginia, looked up one of the more obscure Latin words</p>\r\n<p><img src=\"/unimart/public/storage/photos/1/lap-top/hp-pavilion-15-eg0505tu-i5-46m02pa-9-1.jpg\" alt=\"\" width=\"1020\" height=\"570\" /></p>\r\n<p>Contrary to popular belief, Lorem Ipsum is not simply random text. It has roots in a piece of classical Latin literature from 45 BC, making it over 2000 years old. Richard McClintock, a Latin professor at Hampden-Sydney College in Virginia, looked up one of the more obscure Latin words</p>', 'acer', NULL, 'selling', '11', '1', 'active', 13, '2021-09-29 08:02:22', '2021-10-26 15:57:17'),
(29, 'LT004', 'public/image/products/1634292466-img-pro-21.png', 'Laptop dell X441NA', 7, 'đen', 'mới', 16990000, '<p style=\"text-align: justify;\">Contrary to popular belief, Lorem Ipsum is not simply random text. It has roots in a piece of classical Latin literature from 45 BC, making it over 2000 years old. Richard McClintock, a Latin professor at Hampden-Sydney College in Virginia, looked up one of the more obscure Latin words</p>\r\n<p><img src=\"/unimart/public/storage/photos/1/lap-top/hp-pavilion-15-eg0505tu-i5-46m02pa-2-1.jpg\" alt=\"\" width=\"1020\" height=\"570\" /></p>\r\n<p>Contrary to popular belief, Lorem Ipsum is not simply random text. It has roots in a piece of classical Latin literature from 45 BC, making it over 2000 years old. Richard McClintock, a Latin professor at Hampden-Sydney College in Virginia, looked up one of the more obscure Latin words</p>\r\n<p><img src=\"/unimart/public/storage/photos/1/lap-top/hp-pavilion-15-eg0505tu-i5-46m02pa-4-1.jpg\" alt=\"\" width=\"1020\" height=\"570\" /></p>\r\n<p>Contrary to popular belief, Lorem Ipsum is not simply random text. It has roots in a piece of classical Latin literature from 45 BC, making it over 2000 years old. Richard McClintock, a Latin professor at Hampden-Sydney College in Virginia, looked up one of the more obscure Latin words</p>\r\n<p><img src=\"/unimart/public/storage/photos/1/lap-top/hp-pavilion-15-eg0505tu-i5-46m02pa-5-1.jpg\" alt=\"\" width=\"1020\" height=\"570\" /></p>\r\n<p>Contrary to popular belief, Lorem Ipsum is not simply random text. It has roots in a piece of classical Latin literature from 45 BC, making it over 2000 years old. Richard McClintock, a Latin professor at Hampden-Sydney College in Virginia, looked up one of the more obscure Latin words</p>\r\n<p><img src=\"/unimart/public/storage/photos/1/lap-top/hp-pavilion-15-eg0505tu-i5-46m02pa-6-1.jpg\" alt=\"\" width=\"1020\" height=\"570\" /></p>\r\n<p>Contrary to popular belief, Lorem Ipsum is not simply random text. It has roots in a piece of classical Latin literature from 45 BC, making it over 2000 years old. Richard McClintock, a Latin professor at Hampden-Sydney College in Virginia, looked up one of the more obscure Latin words</p>\r\n<p><img src=\"/unimart/public/storage/photos/1/lap-top/hp-pavilion-15-eg0505tu-i5-46m02pa-8-1.jpg\" alt=\"\" width=\"1020\" height=\"570\" /></p>\r\n<p>Contrary to popular belief, Lorem Ipsum is not simply random text. It has roots in a piece of classical Latin literature from 45 BC, making it over 2000 years old. Richard McClintock, a Latin professor at Hampden-Sydney College in Virginia, looked up one of the more obscure Latin words</p>\r\n<p><img src=\"/unimart/public/storage/photos/1/lap-top/hp-pavilion-15-eg0505tu-i5-46m02pa-9-1.jpg\" alt=\"\" width=\"1020\" height=\"570\" /></p>\r\n<p>Contrary to popular belief, Lorem Ipsum is not simply random text. It has roots in a piece of classical Latin literature from 45 BC, making it over 2000 years old. Richard McClintock, a Latin professor at Hampden-Sydney College in Virginia, looked up one of the more obscure Latin words</p>', 'dell', 'speak', NULL, '1', '1', 'active', 13, '2021-09-29 08:39:38', '2021-10-26 15:57:17'),
(30, 'LT005', 'public/image/products/1634292543-img-pro-22.png', 'Laptop Acer Aspire ES1', 9, 'trắng', 'mới', 17990000, '<p>Contrary to popular belief, Lorem Ipsum is not simply random text. It has roots in a piece of classical Latin literature from 45 BC, making it over 2000 years old. Richard McClintock, a Latin professor at Hampden-Sydney College in Virginia, looked up one of the more obscure Latin words</p>\r\n<p><img src=\"/unimart/public/storage/photos/1/lap-top/hp-pavilion-15-eg0505tu-i5-46m02pa-2-1.jpg\" alt=\"\" width=\"1020\" height=\"570\" /></p>\r\n<p>Contrary to popular belief, Lorem Ipsum is not simply random text. It has roots in a piece of classical Latin literature from 45 BC, making it over 2000 years old. Richard McClintock, a Latin professor at Hampden-Sydney College in Virginia, looked up one of the more obscure Latin words</p>\r\n<p><img src=\"/unimart/public/storage/photos/1/lap-top/hp-pavilion-15-eg0505tu-i5-46m02pa-4-1.jpg\" alt=\"\" width=\"1020\" height=\"570\" /></p>\r\n<p>Contrary to popular belief, Lorem Ipsum is not simply random text. It has roots in a piece of classical Latin literature from 45 BC, making it over 2000 years old. Richard McClintock, a Latin professor at Hampden-Sydney College in Virginia, looked up one of the more obscure Latin words</p>\r\n<p><img src=\"/unimart/public/storage/photos/1/lap-top/hp-pavilion-15-eg0505tu-i5-46m02pa-5-1.jpg\" alt=\"\" width=\"1020\" height=\"570\" /></p>\r\n<p>Contrary to popular belief, Lorem Ipsum is not simply random text. It has roots in a piece of classical Latin literature from 45 BC, making it over 2000 years old. Richard McClintock, a Latin professor at Hampden-Sydney College in Virginia, looked up one of the more obscure Latin words</p>\r\n<p><img src=\"/unimart/public/storage/photos/1/lap-top/hp-pavilion-15-eg0505tu-i5-46m02pa-6-1.jpg\" alt=\"\" width=\"1020\" height=\"570\" /></p>\r\n<p>Contrary to popular belief, Lorem Ipsum is not simply random text. It has roots in a piece of classical Latin literature from 45 BC, making it over 2000 years old. Richard McClintock, a Latin professor at Hampden-Sydney College in Virginia, looked up one of the more obscure Latin words</p>\r\n<p><img src=\"/unimart/public/storage/photos/1/lap-top/hp-pavilion-15-eg0505tu-i5-46m02pa-8-1.jpg\" alt=\"\" width=\"1020\" height=\"570\" /></p>\r\n<p>Contrary to popular belief, Lorem Ipsum is not simply random text. It has roots in a piece of classical Latin literature from 45 BC, making it over 2000 years old. Richard McClintock, a Latin professor at Hampden-Sydney College in Virginia, looked up one of the more obscure Latin words</p>\r\n<p><img src=\"/unimart/public/storage/photos/1/lap-top/hp-pavilion-15-eg0505tu-i5-46m02pa-9-1.jpg\" alt=\"\" width=\"1020\" height=\"570\" /></p>\r\n<p>Contrary to popular belief, Lorem Ipsum is not simply random text. It has roots in a piece of classical Latin literature from 45 BC, making it over 2000 years old. Richard McClintock, a Latin professor at Hampden-Sydney College in Virginia, looked up one of the more obscure Latin words</p>', 'acer', 'speak', NULL, '1', '1', 'active', 13, '2021-09-29 08:44:16', '2021-10-26 15:57:17'),
(31, 'LT006', 'public/image/products/1634292620-img-pro-05.png', 'Laptop Lenovo IdeaPad 120S', 10, 'trắng', 'mới', 21990000, '<p>Contrary to popular belief, Lorem Ipsum is not simply random text. It has roots in a piece of classical Latin literature from 45 BC, making it over 2000 years old. Richard McClintock, a Latin professor at Hampden-Sydney College in Virginia, looked up one of the more obscure Latin words</p>\r\n<p><img src=\"/unimart/public/storage/photos/1/lap-top/hp-pavilion-15-eg0505tu-i5-46m02pa-2-1.jpg\" alt=\"\" width=\"1020\" height=\"570\" /></p>\r\n<p>Contrary to popular belief, Lorem Ipsum is not simply random text. It has roots in a piece of classical Latin literature from 45 BC, making it over 2000 years old. Richard McClintock, a Latin professor at Hampden-Sydney College in Virginia, looked up one of the more obscure Latin words</p>\r\n<p><img src=\"/unimart/public/storage/photos/1/lap-top/hp-pavilion-15-eg0505tu-i5-46m02pa-4-1.jpg\" alt=\"\" width=\"1020\" height=\"570\" /></p>\r\n<p>Contrary to popular belief, Lorem Ipsum is not simply random text. It has roots in a piece of classical Latin literature from 45 BC, making it over 2000 years old. Richard McClintock, a Latin professor at Hampden-Sydney College in Virginia, looked up one of the more obscure Latin words</p>\r\n<p><img src=\"/unimart/public/storage/photos/1/lap-top/hp-pavilion-15-eg0505tu-i5-46m02pa-5-1.jpg\" alt=\"\" width=\"1020\" height=\"570\" /></p>\r\n<p>Contrary to popular belief, Lorem Ipsum is not simply random text. It has roots in a piece of classical Latin literature from 45 BC, making it over 2000 years old. Richard McClintock, a Latin professor at Hampden-Sydney College in Virginia, looked up one of the more obscure Latin words</p>\r\n<p><img src=\"/unimart/public/storage/photos/1/lap-top/hp-pavilion-15-eg0505tu-i5-46m02pa-6-1.jpg\" alt=\"\" width=\"1020\" height=\"570\" /></p>\r\n<p>Contrary to popular belief, Lorem Ipsum is not simply random text. It has roots in a piece of classical Latin literature from 45 BC, making it over 2000 years old. Richard McClintock, a Latin professor at Hampden-Sydney College in Virginia, looked up one of the more obscure Latin words</p>\r\n<p><img src=\"/unimart/public/storage/photos/1/lap-top/hp-pavilion-15-eg0505tu-i5-46m02pa-6-1.jpg\" alt=\"\" width=\"1020\" height=\"570\" /></p>\r\n<p>Contrary to popular belief, Lorem Ipsum is not simply random text. It has roots in a piece of classical Latin literature from 45 BC, making it over 2000 years old. Richard McClintock, a Latin professor at Hampden-Sydney College in Virginia, looked up one of the more obscure Latin words</p>\r\n<p><img src=\"/unimart/public/storage/photos/1/lap-top/hp-pavilion-15-eg0505tu-i5-46m02pa-8-1.jpg\" alt=\"\" width=\"1020\" height=\"570\" /></p>\r\n<p>Contrary to popular belief, Lorem Ipsum is not simply random text. It has roots in a piece of classical Latin literature from 45 BC, making it over 2000 years old. Richard McClintock, a Latin professor at Hampden-Sydney College in Virginia, looked up one of the more obscure Latin words</p>', 'lenovo', 'speak', NULL, '1', '1', 'active', 13, '2021-09-29 08:47:38', '2021-10-26 15:57:17');
INSERT INTO `products` (`id`, `masp`, `thumbnail`, `name`, `qty`, `color`, `status`, `price`, `description`, `the_firm`, `product_speak`, `product_selling`, `creator`, `repairer`, `disabler`, `productcat_id`, `created_at`, `updated_at`) VALUES
(32, 'LT007', 'public/image/products/1634292691-img-pro-23.png', 'Laptop Asus A540UP I5', 10, 'đen', 'mới', 24990000, '<p>Contrary to popular belief, Lorem Ipsum is not simply random text. It has roots in a piece of classical Latin literature from 45 BC, making it over 2000 years old. Richard McClintock, a Latin professor at Hampden-Sydney College in Virginia, looked up one of the more obscure Latin words</p>\r\n<p><img src=\"/unimart/public/storage/photos/1/lap-top/hp-pavilion-15-eg0505tu-i5-46m02pa-2-1.jpg\" alt=\"\" width=\"1020\" height=\"570\" /></p>\r\n<p>Contrary to popular belief, Lorem Ipsum is not simply random text. It has roots in a piece of classical Latin literature from 45 BC, making it over 2000 years old. Richard McClintock, a Latin professor at Hampden-Sydney College in Virginia, looked up one of the more obscure Latin words</p>\r\n<p><img src=\"/unimart/public/storage/photos/1/lap-top/hp-pavilion-15-eg0505tu-i5-46m02pa-4-1.jpg\" alt=\"\" width=\"1020\" height=\"570\" /></p>\r\n<p>Contrary to popular belief, Lorem Ipsum is not simply random text. It has roots in a piece of classical Latin literature from 45 BC, making it over 2000 years old. Richard McClintock, a Latin professor at Hampden-Sydney College in Virginia, looked up one of the more obscure Latin words</p>\r\n<p><img src=\"/unimart/public/storage/photos/1/lap-top/hp-pavilion-15-eg0505tu-i5-46m02pa-5-1.jpg\" alt=\"\" width=\"1020\" height=\"570\" /></p>\r\n<p>Contrary to popular belief, Lorem Ipsum is not simply random text. It has roots in a piece of classical Latin literature from 45 BC, making it over 2000 years old. Richard McClintock, a Latin professor at Hampden-Sydney College in Virginia, looked up one of the more obscure Latin words</p>\r\n<p><img src=\"/unimart/public/storage/photos/1/lap-top/hp-pavilion-15-eg0505tu-i5-46m02pa-6-1.jpg\" alt=\"\" width=\"1020\" height=\"570\" /></p>\r\n<p>Contrary to popular belief, Lorem Ipsum is not simply random text. It has roots in a piece of classical Latin literature from 45 BC, making it over 2000 years old. Richard McClintock, a Latin professor at Hampden-Sydney College in Virginia, looked up one of the more obscure Latin words</p>\r\n<p><img src=\"/unimart/public/storage/photos/1/lap-top/hp-pavilion-15-eg0505tu-i5-46m02pa-8-1.jpg\" alt=\"\" width=\"1020\" height=\"570\" /></p>\r\n<p>Contrary to popular belief, Lorem Ipsum is not simply random text. It has roots in a piece of classical Latin literature from 45 BC, making it over 2000 years old. Richard McClintock, a Latin professor at Hampden-Sydney College in Virginia, looked up one of the more obscure Latin words</p>\r\n<p><img src=\"/unimart/public/storage/photos/1/lap-top/hp-pavilion-15-eg0505tu-i5-46m02pa-9-1.jpg\" alt=\"\" width=\"1020\" height=\"570\" /></p>\r\n<p>Contrary to popular belief, Lorem Ipsum is not simply random text. It has roots in a piece of classical Latin literature from 45 BC, making it over 2000 years old. Richard McClintock, a Latin professor at Hampden-Sydney College in Virginia, looked up one of the more obscure Latin words</p>', 'asus', 'speak', NULL, '1', '1', 'active', 13, '2021-09-29 08:51:44', '2021-10-26 15:57:17'),
(33, 'LT009', 'public/image/products/img-pro-18.png', 'Laptop Dell IdeaPad 120S', 10, 'đen', 'mới', 22990000, '<p>Contrary to popular belief, Lorem Ipsum is not simply random text. It has roots in a piece of classical Latin literature from 45 BC, making it over 2000 years old. Richard McClintock, a Latin professor at Hampden-Sydney College in Virginia, looked up one of the more obscure Latin words</p>\r\n<p><img src=\"/unimart/public/storage/photos/1/lap-top/hp-pavilion-15-eg0505tu-i5-46m02pa-2-1.jpg\" alt=\"\" width=\"1020\" height=\"570\" /></p>\r\n<p>Contrary to popular belief, Lorem Ipsum is not simply random text. It has roots in a piece of classical Latin literature from 45 BC, making it over 2000 years old. Richard McClintock, a Latin professor at Hampden-Sydney College in Virginia, looked up one of the more obscure Latin words</p>\r\n<p><img src=\"/unimart/public/storage/photos/1/lap-top/hp-pavilion-15-eg0505tu-i5-46m02pa-4-1.jpg\" alt=\"\" width=\"1020\" height=\"570\" /></p>\r\n<p>Contrary to popular belief, Lorem Ipsum is not simply random text. It has roots in a piece of classical Latin literature from 45 BC, making it over 2000 years old. Richard McClintock, a Latin professor at Hampden-Sydney College in Virginia, looked up one of the more obscure Latin words</p>\r\n<p><img src=\"/unimart/public/storage/photos/1/lap-top/hp-pavilion-15-eg0505tu-i5-46m02pa-5-1.jpg\" alt=\"\" width=\"1020\" height=\"570\" /></p>\r\n<p>Contrary to popular belief, Lorem Ipsum is not simply random text. It has roots in a piece of classical Latin literature from 45 BC, making it over 2000 years old. Richard McClintock, a Latin professor at Hampden-Sydney College in Virginia, looked up one of the more obscure Latin words</p>\r\n<p><img src=\"/unimart/public/storage/photos/1/lap-top/hp-pavilion-15-eg0505tu-i5-46m02pa-6-1.jpg\" alt=\"\" width=\"1020\" height=\"570\" /></p>\r\n<p>Contrary to popular belief, Lorem Ipsum is not simply random text. It has roots in a piece of classical Latin literature from 45 BC, making it over 2000 years old. Richard McClintock, a Latin professor at Hampden-Sydney College in Virginia, looked up one of the more obscure Latin words</p>\r\n<p><img src=\"/unimart/public/storage/photos/1/lap-top/hp-pavilion-15-eg0505tu-i5-46m02pa-8-1.jpg\" alt=\"\" width=\"1020\" height=\"570\" /></p>\r\n<p>Contrary to popular belief, Lorem Ipsum is not simply random text. It has roots in a piece of classical Latin literature from 45 BC, making it over 2000 years old. Richard McClintock, a Latin professor at Hampden-Sydney College in Virginia, looked up one of the more obscure Latin words</p>\r\n<p><img src=\"/unimart/public/storage/photos/1/lap-top/hp-pavilion-15-eg0505tu-i5-46m02pa-9-1.jpg\" alt=\"\" width=\"1020\" height=\"570\" /></p>\r\n<p>Contrary to popular belief, Lorem Ipsum is not simply random text. It has roots in a piece of classical Latin literature from 45 BC, making it over 2000 years old. Richard McClintock, a Latin professor at Hampden-Sydney College in Virginia, looked up one of the more obscure Latin words</p>', 'dell', 'speak', NULL, '1', '1', 'active', 13, '2021-09-29 08:54:09', '2021-10-26 15:57:17'),
(34, 'MTB001', 'public/image/products/1634292927-M-T-B-1.jpg', 'Samsung Galaxy Tab S7 FE Samsung Galaxy Tab S7 FE', 8, 'trắng', 'mới', 6990000, '<p>Contrary to popular belief, Lorem Ipsum is not simply random text. It has roots in a piece of classical Latin literature from 45 BC, making it over 2000 years old. Richard McClintock, a Latin professor at Hampden-Sydney College in Virginia, looked up one of the more obscure Latin words</p>\r\n<p><img src=\"/unimart/public/storage/photos/1/M-T-Bang/chi-tiet-1.jpg\" alt=\"\" width=\"800\" height=\"533\" /></p>\r\n<p>Contrary to popular belief, Lorem Ipsum is not simply random text. It has roots in a piece of classical Latin literature from 45 BC, making it over 2000 years old. Richard McClintock, a Latin professor at Hampden-Sydney College in Virginia, looked up one of the more obscure Latin words</p>\r\n<p><img src=\"/unimart/public/storage/photos/1/M-T-Bang/chi-tiet-2.jpg\" alt=\"\" width=\"800\" height=\"533\" /></p>\r\n<p>Contrary to popular belief, Lorem Ipsum is not simply random text. It has roots in a piece of classical Latin literature from 45 BC, making it over 2000 years old. Richard McClintock, a Latin professor at Hampden-Sydney College in Virginia, looked up one of the more obscure Latin words</p>\r\n<p><img src=\"/unimart/public/storage/photos/1/M-T-Bang/chi-tiet-3.jpg\" alt=\"\" width=\"800\" height=\"533\" /></p>\r\n<p>Contrary to popular belief, Lorem Ipsum is not simply random text. It has roots in a piece of classical Latin literature from 45 BC, making it over 2000 years old. Richard McClintock, a Latin professor at Hampden-Sydney College in Virginia, looked up one of the more obscure Latin words</p>\r\n<p><img src=\"/unimart/public/storage/photos/1/M-T-Bang/chi-tiet-4.jpg\" alt=\"\" width=\"800\" height=\"533\" /></p>\r\n<p>Contrary to popular belief, Lorem Ipsum is not simply random text. It has roots in a piece of classical Latin literature from 45 BC, making it over 2000 years old. Richard McClintock, a Latin professor at Hampden-Sydney College in Virginia, looked up one of the more obscure Latin words</p>\r\n<p><img src=\"/unimart/public/storage/photos/1/M-T-Bang/chi-tiet-5.jpg\" alt=\"\" width=\"800\" height=\"533\" /></p>\r\n<p>Contrary to popular belief, Lorem Ipsum is not simply random text. It has roots in a piece of classical Latin literature from 45 BC, making it over 2000 years old. Richard McClintock, a Latin professor at Hampden-Sydney College in Virginia, looked up one of the more obscure Latin words</p>\r\n<p><img src=\"/unimart/public/storage/photos/1/M-T-Bang/chi-tiet-6.jpg\" alt=\"\" width=\"800\" height=\"533\" /></p>\r\n<p>Contrary to popular belief, Lorem Ipsum is not simply random text. It has roots in a piece of classical Latin literature from 45 BC, making it over 2000 years old. Richard McClintock, a Latin professor at Hampden-Sydney College in Virginia, looked up one of the more obscure Latin words</p>', 'samsung', NULL, 'selling', '1', '1', 'active', 14, '2021-09-29 09:12:01', '2021-10-26 15:57:17'),
(35, 'MTB002', 'public/image/products/1634293002-M-T-B-2.jpg', 'Huawei MatePad T10s (Nền tảng Huawei Mobile Service)', 10, 'đen', 'mới', 5990000, '<p>Contrary to popular belief, Lorem Ipsum is not simply random text. It has roots in a piece of classical Latin literature from 45 BC, making it over 2000 years old. Richard McClintock, a Latin professor at Hampden-Sydney College in Virginia, looked up one of the more obscure Latin words</p>\r\n<p><img src=\"/unimart/public/storage/photos/1/M-T-Bang/chi-tiet-1.jpg\" alt=\"\" width=\"800\" height=\"533\" /></p>\r\n<p>Contrary to popular belief, Lorem Ipsum is not simply random text. It has roots in a piece of classical Latin literature from 45 BC, making it over 2000 years old. Richard McClintock, a Latin professor at Hampden-Sydney College in Virginia, looked up one of the more obscure Latin words</p>\r\n<p><img src=\"/unimart/public/storage/photos/1/M-T-Bang/chi-tiet-2.jpg\" alt=\"\" width=\"800\" height=\"533\" /></p>\r\n<p>Contrary to popular belief, Lorem Ipsum is not simply random text. It has roots in a piece of classical Latin literature from 45 BC, making it over 2000 years old. Richard McClintock, a Latin professor at Hampden-Sydney College in Virginia, looked up one of the more obscure Latin words</p>\r\n<p><img src=\"/unimart/public/storage/photos/1/M-T-Bang/chi-tiet-3.jpg\" alt=\"\" width=\"800\" height=\"533\" /></p>\r\n<p>Contrary to popular belief, Lorem Ipsum is not simply random text. It has roots in a piece of classical Latin literature from 45 BC, making it over 2000 years old. Richard McClintock, a Latin professor at Hampden-Sydney College in Virginia, looked up one of the more obscure Latin words</p>\r\n<p><img src=\"/unimart/public/storage/photos/1/M-T-Bang/chi-tiet-4.jpg\" alt=\"\" width=\"800\" height=\"533\" /></p>\r\n<p>Contrary to popular belief, Lorem Ipsum is not simply random text. It has roots in a piece of classical Latin literature from 45 BC, making it over 2000 years old. Richard McClintock, a Latin professor at Hampden-Sydney College in Virginia, looked up one of the more obscure Latin words</p>\r\n<p><img src=\"/unimart/public/storage/photos/1/M-T-Bang/chi-tiet-5.jpg\" alt=\"\" width=\"800\" height=\"533\" /></p>\r\n<p>Contrary to popular belief, Lorem Ipsum is not simply random text. It has roots in a piece of classical Latin literature from 45 BC, making it over 2000 years old. Richard McClintock, a Latin professor at Hampden-Sydney College in Virginia, looked up one of the more obscure Latin words</p>\r\n<p><img src=\"/unimart/public/storage/photos/1/M-T-Bang/chi-tiet-6.jpg\" alt=\"\" width=\"800\" height=\"533\" /></p>\r\n<p>Contrary to popular belief, Lorem Ipsum is not simply random text. It has roots in a piece of classical Latin literature from 45 BC, making it over 2000 years old. Richard McClintock, a Latin professor at Hampden-Sydney College in Virginia, looked up one of the more obscure Latin words</p>', 'huawei', NULL, NULL, '1', '1', 'active', 14, '2021-09-29 09:14:09', '2021-10-26 15:57:17'),
(36, 'MTB003', 'public/image/products/1634293080-M-T-B-3.jpg', 'Samsung Galaxy Tab A7 Lite Samsung Galaxy Tab A7 Lite', 9, 'đen', 'mới', 8990000, '<p>Contrary to popular belief, Lorem Ipsum is not simply random text. It has roots in a piece of classical Latin literature from 45 BC, making it over 2000 years old. Richard McClintock, a Latin professor at Hampden-Sydney College in Virginia, looked up one of the more obscure Latin words</p>\r\n<p><img src=\"/unimart/public/storage/photos/1/M-T-Bang/chi-tiet-1.jpg\" alt=\"\" width=\"800\" height=\"533\" /></p>\r\n<p>Contrary to popular belief, Lorem Ipsum is not simply random text. It has roots in a piece of classical Latin literature from 45 BC, making it over 2000 years old. Richard McClintock, a Latin professor at Hampden-Sydney College in Virginia, looked up one of the more obscure Latin words</p>\r\n<p><img src=\"/unimart/public/storage/photos/1/M-T-Bang/chi-tiet-2.jpg\" alt=\"\" width=\"800\" height=\"533\" /></p>\r\n<p>Contrary to popular belief, Lorem Ipsum is not simply random text. It has roots in a piece of classical Latin literature from 45 BC, making it over 2000 years old. Richard McClintock, a Latin professor at Hampden-Sydney College in Virginia, looked up one of the more obscure Latin words</p>\r\n<p><img src=\"/unimart/public/storage/photos/1/M-T-Bang/chi-tiet-3.jpg\" alt=\"\" width=\"800\" height=\"533\" /></p>\r\n<p>Contrary to popular belief, Lorem Ipsum is not simply random text. It has roots in a piece of classical Latin literature from 45 BC, making it over 2000 years old. Richard McClintock, a Latin professor at Hampden-Sydney College in Virginia, looked up one of the more obscure Latin words</p>\r\n<p><img src=\"/unimart/public/storage/photos/1/M-T-Bang/chi-tiet-4.jpg\" alt=\"\" width=\"800\" height=\"533\" /></p>\r\n<p>Contrary to popular belief, Lorem Ipsum is not simply random text. It has roots in a piece of classical Latin literature from 45 BC, making it over 2000 years old. Richard McClintock, a Latin professor at Hampden-Sydney College in Virginia, looked up one of the more obscure Latin words</p>\r\n<p><img src=\"/unimart/public/storage/photos/1/M-T-Bang/chi-tiet-5.jpg\" alt=\"\" width=\"800\" height=\"533\" /></p>\r\n<p>Contrary to popular belief, Lorem Ipsum is not simply random text. It has roots in a piece of classical Latin literature from 45 BC, making it over 2000 years old. Richard McClintock, a Latin professor at Hampden-Sydney College in Virginia, looked up one of the more obscure Latin words</p>\r\n<p><img src=\"/unimart/public/storage/photos/1/M-T-Bang/chi-tiet-6.jpg\" alt=\"\" width=\"800\" height=\"533\" /></p>\r\n<p>Contrary to popular belief, Lorem Ipsum is not simply random text. It has roots in a piece of classical Latin literature from 45 BC, making it over 2000 years old. Richard McClintock, a Latin professor at Hampden-Sydney College in Virginia, looked up one of the more obscure Latin words</p>', 'samsung', NULL, 'selling', '1', '1', 'active', 14, '2021-09-29 09:16:08', '2021-10-26 15:57:17'),
(37, 'MTB004', 'public/image/products/1634293147-M-T-B-4.jpg', 'Lenovo Tab M10 - FHD Plus Lenovo Tab M10 - FHD Plus', 10, 'đen', 'mới', 7990000, '<p>Contrary to popular belief, Lorem Ipsum is not simply random text. It has roots in a piece of classical Latin literature from 45 BC, making it over 2000 years old. Richard McClintock, a Latin professor at Hampden-Sydney College in Virginia, looked up one of the more obscure Latin words</p>\r\n<p><img src=\"/unimart/public/storage/photos/1/M-T-Bang/chi-tiet-1.jpg\" alt=\"\" width=\"800\" height=\"533\" /></p>\r\n<p>Contrary to popular belief, Lorem Ipsum is not simply random text. It has roots in a piece of classical Latin literature from 45 BC, making it over 2000 years old. Richard McClintock, a Latin professor at Hampden-Sydney College in Virginia, looked up one of the more obscure Latin words</p>\r\n<p><img src=\"/unimart/public/storage/photos/1/M-T-Bang/chi-tiet-2.jpg\" alt=\"\" width=\"800\" height=\"533\" /></p>\r\n<p>Contrary to popular belief, Lorem Ipsum is not simply random text. It has roots in a piece of classical Latin literature from 45 BC, making it over 2000 years old. Richard McClintock, a Latin professor at Hampden-Sydney College in Virginia, looked up one of the more obscure Latin words</p>\r\n<p><img src=\"/unimart/public/storage/photos/1/M-T-Bang/chi-tiet-3.jpg\" alt=\"\" width=\"800\" height=\"533\" /></p>\r\n<p>Contrary to popular belief, Lorem Ipsum is not simply random text. It has roots in a piece of classical Latin literature from 45 BC, making it over 2000 years old. Richard McClintock, a Latin professor at Hampden-Sydney College in Virginia, looked up one of the more obscure Latin words</p>\r\n<p><img src=\"/unimart/public/storage/photos/1/M-T-Bang/chi-tiet-4.jpg\" alt=\"\" width=\"800\" height=\"533\" /></p>\r\n<p>Contrary to popular belief, Lorem Ipsum is not simply random text. It has roots in a piece of classical Latin literature from 45 BC, making it over 2000 years old. Richard McClintock, a Latin professor at Hampden-Sydney College in Virginia, looked up one of the more obscure Latin words</p>\r\n<p><img src=\"/unimart/public/storage/photos/1/M-T-Bang/chi-tiet-5.jpg\" alt=\"\" width=\"800\" height=\"533\" /></p>\r\n<p>Contrary to popular belief, Lorem Ipsum is not simply random text. It has roots in a piece of classical Latin literature from 45 BC, making it over 2000 years old. Richard McClintock, a Latin professor at Hampden-Sydney College in Virginia, looked up one of the more obscure Latin words</p>\r\n<p><img src=\"/unimart/public/storage/photos/1/M-T-Bang/chi-tiet-6.jpg\" alt=\"\" width=\"800\" height=\"533\" /></p>\r\n<p>Contrary to popular belief, Lorem Ipsum is not simply random text. It has roots in a piece of classical Latin literature from 45 BC, making it over 2000 years old. Richard McClintock, a Latin professor at Hampden-Sydney College in Virginia, looked up one of the more obscure Latin words</p>', 'lenovo', NULL, 'selling', '1', '1', 'active', 14, '2021-09-29 09:19:11', '2021-10-26 15:57:17'),
(38, 'MTB006', 'public/image/products/1634293211-M-T-B-5.jpg', 'Huawei MatePad 64GB (Nền tảng Huawei Mobile Service)', 10, 'đen', 'mới', 8990000, '<p>Contrary to popular belief, Lorem Ipsum is not simply random text. It has roots in a piece of classical Latin literature from 45 BC, making it over 2000 years old. Richard McClintock, a Latin professor at Hampden-Sydney College in Virginia, looked up one of the more obscure Latin words</p>\r\n<p><img src=\"/unimart/public/storage/photos/1/M-T-Bang/chi-tiet-1.jpg\" alt=\"\" width=\"800\" height=\"533\" /></p>\r\n<p>Contrary to popular belief, Lorem Ipsum is not simply random text. It has roots in a piece of classical Latin literature from 45 BC, making it over 2000 years old. Richard McClintock, a Latin professor at Hampden-Sydney College in Virginia, looked up one of the more obscure Latin words</p>\r\n<p><img src=\"/unimart/public/storage/photos/1/M-T-Bang/chi-tiet-2.jpg\" alt=\"\" width=\"800\" height=\"533\" /></p>\r\n<p>Contrary to popular belief, Lorem Ipsum is not simply random text. It has roots in a piece of classical Latin literature from 45 BC, making it over 2000 years old. Richard McClintock, a Latin professor at Hampden-Sydney College in Virginia, looked up one of the more obscure Latin words</p>\r\n<p><img src=\"/unimart/public/storage/photos/1/M-T-Bang/chi-tiet-3.jpg\" alt=\"\" width=\"800\" height=\"533\" /></p>\r\n<p>Contrary to popular belief, Lorem Ipsum is not simply random text. It has roots in a piece of classical Latin literature from 45 BC, making it over 2000 years old. Richard McClintock, a Latin professor at Hampden-Sydney College in Virginia, looked up one of the more obscure Latin words</p>\r\n<p><img src=\"/unimart/public/storage/photos/1/M-T-Bang/chi-tiet-4.jpg\" alt=\"\" width=\"800\" height=\"533\" /></p>\r\n<p>Contrary to popular belief, Lorem Ipsum is not simply random text. It has roots in a piece of classical Latin literature from 45 BC, making it over 2000 years old. Richard McClintock, a Latin professor at Hampden-Sydney College in Virginia, looked up one of the more obscure Latin words</p>\r\n<p><img src=\"/unimart/public/storage/photos/1/M-T-Bang/chi-tiet-5.jpg\" alt=\"\" width=\"800\" height=\"533\" /></p>\r\n<p>Contrary to popular belief, Lorem Ipsum is not simply random text. It has roots in a piece of classical Latin literature from 45 BC, making it over 2000 years old. Richard McClintock, a Latin professor at Hampden-Sydney College in Virginia, looked up one of the more obscure Latin words</p>', 'huawei', NULL, NULL, '1', '1', 'active', 14, '2021-09-29 09:21:30', '2021-10-26 15:57:17'),
(39, 'MTB007', 'public/image/products/M-T-B-6.jpg', 'iPad Pro M1 11 inch WiFi Cellular 128GB (2021)', 10, 'xanh', 'mới', 27290000, '<p>Contrary to popular belief, Lorem Ipsum is not simply random text. It has roots in a piece of classical Latin literature from 45 BC, making it over 2000 years old. Richard McClintock, a Latin professor at Hampden-Sydney College in Virginia, looked up one of the more obscure Latin words</p>\r\n<p><img src=\"/unimart/public/storage/photos/1/tuan-MTB/chi-tiet-1.jpg\" alt=\"\" width=\"800\" height=\"533\" /></p>\r\n<p>Contrary to popular belief, Lorem Ipsum is not simply random text. It has roots in a piece of classical Latin literature from 45 BC, making it over 2000 years old. Richard McClintock, a Latin professor at Hampden-Sydney College in Virginia, looked up one of the more obscure Latin words</p>\r\n<p><img src=\"/unimart/public/storage/photos/1/tuan-MTB/chi-tiet-2.jpg\" alt=\"\" width=\"800\" height=\"533\" /></p>\r\n<p>Contrary to popular belief, Lorem Ipsum is not simply random text. It has roots in a piece of classical Latin literature from 45 BC, making it over 2000 years old. Richard McClintock, a Latin professor at Hampden-Sydney College in Virginia, looked up one of the more obscure Latin words</p>\r\n<p><img src=\"/unimart/public/storage/photos/1/tuan-MTB/chi-tiet-3.jpg\" alt=\"\" width=\"800\" height=\"533\" /></p>\r\n<p>Contrary to popular belief, Lorem Ipsum is not simply random text. It has roots in a piece of classical Latin literature from 45 BC, making it over 2000 years old. Richard McClintock, a Latin professor at Hampden-Sydney College in Virginia, looked up one of the more obscure Latin words</p>\r\n<p><img src=\"/unimart/public/storage/photos/1/tuan-MTB/chi-tiet-4.jpg\" alt=\"\" width=\"800\" height=\"533\" /></p>\r\n<p>Contrary to popular belief, Lorem Ipsum is not simply random text. It has roots in a piece of classical Latin literature from 45 BC, making it over 2000 years old. Richard McClintock, a Latin professor at Hampden-Sydney College in Virginia, looked up one of the more obscure Latin words</p>\r\n<p><img src=\"/unimart/public/storage/photos/1/tuan-MTB/chi-tiet-5.jpg\" alt=\"\" width=\"800\" height=\"533\" /></p>\r\n<p>Contrary to popular belief, Lorem Ipsum is not simply random text. It has roots in a piece of classical Latin literature from 45 BC, making it over 2000 years old. Richard McClintock, a Latin professor at Hampden-Sydney College in Virginia, looked up one of the more obscure Latin words</p>\r\n<p><img src=\"/unimart/public/storage/photos/1/tuan-MTB/chi-tiet-6.jpg\" alt=\"\" width=\"800\" height=\"533\" /></p>\r\n<p>Contrary to popular belief, Lorem Ipsum is not simply random text. It has roots in a piece of classical Latin literature from 45 BC, making it over 2000 years old. Richard McClintock, a Latin professor at Hampden-Sydney College in Virginia, looked up one of the more obscure Latin words</p>', 'lenovo', NULL, NULL, '1', NULL, 'active', 14, '2021-09-29 09:25:30', '2021-10-26 15:57:17'),
(40, 'MTB008', 'public/image/products/1634293369-M-T-B-7.jpg', 'iPad Pro M1 12.9 inch WiFi 128GB (2021)', 8, 'đen', 'mới', 14990000, '<p>Contrary to popular belief, Lorem Ipsum is not simply random text. It has roots in a piece of classical Latin literature from 45 BC, making it over 2000 years old. Richard McClintock, a Latin professor at Hampden-Sydney College in Virginia, looked up one of the more obscure Latin words</p>\r\n<p><img src=\"/unimart/public/storage/photos/1/M-T-Bang/chi-tiet-1.jpg\" alt=\"\" width=\"800\" height=\"533\" /></p>\r\n<p>Contrary to popular belief, Lorem Ipsum is not simply random text. It has roots in a piece of classical Latin literature from 45 BC, making it over 2000 years old. Richard McClintock, a Latin professor at Hampden-Sydney College in Virginia, looked up one of the more obscure Latin words</p>\r\n<p><img src=\"/unimart/public/storage/photos/1/M-T-Bang/chi-tiet-2.jpg\" alt=\"\" width=\"800\" height=\"533\" /></p>\r\n<p>Contrary to popular belief, Lorem Ipsum is not simply random text. It has roots in a piece of classical Latin literature from 45 BC, making it over 2000 years old. Richard McClintock, a Latin professor at Hampden-Sydney College in Virginia, looked up one of the more obscure Latin words</p>\r\n<p><img src=\"/unimart/public/storage/photos/1/M-T-Bang/chi-tiet-3.jpg\" alt=\"\" width=\"800\" height=\"533\" /></p>\r\n<p>Contrary to popular belief, Lorem Ipsum is not simply random text. It has roots in a piece of classical Latin literature from 45 BC, making it over 2000 years old. Richard McClintock, a Latin professor at Hampden-Sydney College in Virginia, looked up one of the more obscure Latin words</p>\r\n<p><img src=\"/unimart/public/storage/photos/1/M-T-Bang/chi-tiet-4.jpg\" alt=\"\" width=\"800\" height=\"533\" /></p>\r\n<p>Contrary to popular belief, Lorem Ipsum is not simply random text. It has roots in a piece of classical Latin literature from 45 BC, making it over 2000 years old. Richard McClintock, a Latin professor at Hampden-Sydney College in Virginia, looked up one of the more obscure Latin words</p>\r\n<p><img src=\"/unimart/public/storage/photos/1/M-T-Bang/chi-tiet-5.jpg\" alt=\"\" width=\"800\" height=\"533\" /></p>\r\n<p>Contrary to popular belief, Lorem Ipsum is not simply random text. It has roots in a piece of classical Latin literature from 45 BC, making it over 2000 years old. Richard McClintock, a Latin professor at Hampden-Sydney College in Virginia, looked up one of the more obscure Latin words</p>\r\n<p><img src=\"/unimart/public/storage/photos/1/M-T-Bang/chi-tiet-6.jpg\" alt=\"\" width=\"800\" height=\"533\" /></p>\r\n<p>Contrary to popular belief, Lorem Ipsum is not simply random text. It has roots in a piece of classical Latin literature from 45 BC, making it over 2000 years old. Richard McClintock, a Latin professor at Hampden-Sydney College in Virginia, looked up one of the more obscure Latin words</p>', 'samsung', NULL, NULL, '1', '1', 'active', 14, '2021-09-29 09:28:15', '2021-10-26 15:57:17'),
(41, 'MTB009', 'public/image/products/M-T-B-1.jpg', 'iPad 8 Wifi Cellular 32GB (2020', 10, 'vàng', 'mới', 15990000, '<p>Contrary to popular belief, Lorem Ipsum is not simply random text. It has roots in a piece of classical Latin literature from 45 BC, making it over 2000 years old. Richard McClintock, a Latin professor at Hampden-Sydney College in Virginia, looked up one of the more obscure Latin words</p>\r\n<p><img src=\"/unimart/public/storage/photos/1/M-T-Bang/chi-tiet-1.jpg\" alt=\"\" width=\"800\" height=\"533\" /></p>\r\n<p>Contrary to popular belief, Lorem Ipsum is not simply random text. It has roots in a piece of classical Latin literature from 45 BC, making it over 2000 years old. Richard McClintock, a Latin professor at Hampden-Sydney College in Virginia, looked up one of the more obscure Latin words</p>\r\n<p><img src=\"/unimart/public/storage/photos/1/M-T-Bang/chi-tiet-2.jpg\" alt=\"\" width=\"800\" height=\"533\" /></p>\r\n<p>Contrary to popular belief, Lorem Ipsum is not simply random text. It has roots in a piece of classical Latin literature from 45 BC, making it over 2000 years old. Richard McClintock, a Latin professor at Hampden-Sydney College in Virginia, looked up one of the more obscure Latin words</p>\r\n<p><img src=\"/unimart/public/storage/photos/1/M-T-Bang/chi-tiet-3.jpg\" alt=\"\" width=\"800\" height=\"533\" /></p>\r\n<p>Contrary to popular belief, Lorem Ipsum is not simply random text. It has roots in a piece of classical Latin literature from 45 BC, making it over 2000 years old. Richard McClintock, a Latin professor at Hampden-Sydney College in Virginia, looked up one of the more obscure Latin words</p>\r\n<p><img src=\"/unimart/public/storage/photos/1/M-T-Bang/chi-tiet-4.jpg\" alt=\"\" width=\"800\" height=\"533\" /></p>\r\n<p>Contrary to popular belief, Lorem Ipsum is not simply random text. It has roots in a piece of classical Latin literature from 45 BC, making it over 2000 years old. Richard McClintock, a Latin professor at Hampden-Sydney College in Virginia, looked up one of the more obscure Latin words</p>\r\n<p><img src=\"/unimart/public/storage/photos/1/M-T-Bang/chi-tiet-5.jpg\" alt=\"\" width=\"800\" height=\"533\" /></p>\r\n<p>Contrary to popular belief, Lorem Ipsum is not simply random text. It has roots in a piece of classical Latin literature from 45 BC, making it over 2000 years old. Richard McClintock, a Latin professor at Hampden-Sydney College in Virginia, looked up one of the more obscure Latin words</p>\r\n<p><img src=\"/unimart/public/storage/photos/1/M-T-Bang/chi-tiet-6.jpg\" alt=\"\" width=\"800\" height=\"533\" /></p>\r\n<p>Contrary to popular belief, Lorem Ipsum is not simply random text. It has roots in a piece of classical Latin literature from 45 BC, making it over 2000 years old. Richard McClintock, a Latin professor at Hampden-Sydney College in Virginia, looked up one of the more obscure Latin words</p>', 'samsung', NULL, NULL, '1', '1', 'active', 14, '2021-09-29 09:30:13', '2021-10-26 15:57:17'),
(42, 'DT10', 'public/image/products/1634293685-img-pro-12.png', 'Vivo Y53s', 10, 'đen', 'mới', 18990000, '<p>Contrary to popular belief, Lorem Ipsum is not simply random text. It has roots in a piece of classical Latin literature from 45 BC, making it over 2000 years old. Richard McClintock, a Latin professor at Hampden-Sydney College in Virginia, looked up one of the more obscure Latin words</p>\r\n<p><img src=\"/unimart/public/storage/photos/1/dien-thoai/samsung-galaxy-note-20-125820-105803.jpg\" alt=\"\" width=\"800\" height=\"533\" /></p>\r\n<p>Contrary to popular belief, Lorem Ipsum is not simply random text. It has roots in a piece of classical Latin literature from 45 BC, making it over 2000 years old. Richard McClintock, a Latin professor at Hampden-Sydney College in Virginia, looked up one of the more obscure Latin words</p>\r\n<p><img src=\"/unimart/public/storage/photos/1/dien-thoai/samsung-galaxy-note-20-125820-105811.jpg\" alt=\"\" width=\"800\" height=\"533\" /></p>\r\n<p>Contrary to popular belief, Lorem Ipsum is not simply random text. It has roots in a piece of classical Latin literature from 45 BC, making it over 2000 years old. Richard McClintock, a Latin professor at Hampden-Sydney College in Virginia, looked up one of the more obscure Latin words</p>\r\n<p><img src=\"/unimart/public/storage/photos/1/dien-thoai/samsung-galaxy-note-20-224320-024303.jpg\" alt=\"\" width=\"800\" height=\"533\" /></p>\r\n<p>Contrary to popular belief, Lorem Ipsum is not simply random text. It has roots in a piece of classical Latin literature from 45 BC, making it over 2000 years old. Richard McClintock, a Latin professor at Hampden-Sydney College in Virginia, looked up one of the more obscure Latin words</p>\r\n<p><img src=\"/unimart/public/storage/photos/1/dien-thoai/samsung-galaxy-note-20-230020-020036 (1).jpg\" alt=\"\" width=\"800\" height=\"533\" /></p>\r\n<p>Contrary to popular belief, Lorem Ipsum is not simply random text. It has roots in a piece of classical Latin literature from 45 BC, making it over 2000 years old. Richard McClintock, a Latin professor at Hampden-Sydney College in Virginia, looked up one of the more obscure Latin words</p>\r\n<p><img src=\"/unimart/public/storage/photos/1/dien-thoai/samsung-galaxy-note-20-235520-015514.jpg\" alt=\"\" width=\"800\" height=\"533\" /></p>\r\n<p>Contrary to popular belief, Lorem Ipsum is not simply random text. It has roots in a piece of classical Latin literature from 45 BC, making it over 2000 years old. Richard McClintock, a Latin professor at Hampden-Sydney College in Virginia, looked up one of the more obscure Latin words</p>\r\n<p><img src=\"/unimart/public/storage/photos/1/dien-thoai/samsung-galaxy-note-20-235720-125702.jpg\" alt=\"\" width=\"800\" height=\"533\" /></p>\r\n<p>Contrary to popular belief, Lorem Ipsum is not simply random text. It has roots in a piece of classical Latin literature from 45 BC, making it over 2000 years old. Richard McClintock, a Latin professor at Hampden-Sydney College in Virginia, looked up one of the more obscure Latin words</p>', 'vivo', 'speak', NULL, '1', '1', 'active', 12, '2021-09-29 09:43:11', '2021-10-26 15:57:17'),
(43, 'DT110', 'public/image/products/img-pro-11.png', 'Samsung Galaxy S21 5G', 10, 'đen', 'mới', 12990000, '<p>Contrary to popular belief, Lorem Ipsum is not simply random text. It has roots in a piece of classical Latin literature from 45 BC, making it over 2000 years old. Richard McClintock, a Latin professor at Hampden-Sydney College in Virginia, looked up one of the more obscure Latin words</p>\r\n<p><img src=\"/unimart/public/storage/photos/1/dien-thoai/samsung-galaxy-note-20-125820-105803.jpg\" alt=\"\" width=\"800\" height=\"533\" /></p>\r\n<p>Contrary to popular belief, Lorem Ipsum is not simply random text. It has roots in a piece of classical Latin literature from 45 BC, making it over 2000 years old. Richard McClintock, a Latin professor at Hampden-Sydney College in Virginia, looked up one of the more obscure Latin words</p>\r\n<p><img src=\"/unimart/public/storage/photos/1/dien-thoai/samsung-galaxy-note-20-125820-105811.jpg\" alt=\"\" width=\"800\" height=\"533\" /></p>\r\n<p>Contrary to popular belief, Lorem Ipsum is not simply random text. It has roots in a piece of classical Latin literature from 45 BC, making it over 2000 years old. Richard McClintock, a Latin professor at Hampden-Sydney College in Virginia, looked up one of the more obscure Latin words</p>\r\n<p><img src=\"/unimart/public/storage/photos/1/dien-thoai/samsung-galaxy-note-20-224320-024303.jpg\" alt=\"\" width=\"800\" height=\"533\" /></p>\r\n<p>Contrary to popular belief, Lorem Ipsum is not simply random text. It has roots in a piece of classical Latin literature from 45 BC, making it over 2000 years old. Richard McClintock, a Latin professor at Hampden-Sydney College in Virginia, looked up one of the more obscure Latin words</p>\r\n<p><img src=\"/unimart/public/storage/photos/1/dien-thoai/samsung-galaxy-note-20-230020-020036 (1).jpg\" alt=\"\" width=\"800\" height=\"533\" /></p>\r\n<p>Contrary to popular belief, Lorem Ipsum is not simply random text. It has roots in a piece of classical Latin literature from 45 BC, making it over 2000 years old. Richard McClintock, a Latin professor at Hampden-Sydney College in Virginia, looked up one of the more obscure Latin words</p>\r\n<p><img src=\"/unimart/public/storage/photos/1/dien-thoai/samsung-galaxy-note-20-235520-015514.jpg\" alt=\"\" width=\"800\" height=\"533\" /></p>\r\n<p>Contrary to popular belief, Lorem Ipsum is not simply random text. It has roots in a piece of classical Latin literature from 45 BC, making it over 2000 years old. Richard McClintock, a Latin professor at Hampden-Sydney College in Virginia, looked up one of the more obscure Latin words</p>\r\n<p><img src=\"/unimart/public/storage/photos/1/dien-thoai/samsung-galaxy-note-20-235720-125702.jpg\" alt=\"\" width=\"800\" height=\"533\" /></p>\r\n<p>Contrary to popular belief, Lorem Ipsum is not simply random text. It has roots in a piece of classical Latin literature from 45 BC, making it over 2000 years old. Richard McClintock, a Latin professor at Hampden-Sydney College in Virginia, looked up one of the more obscure Latin words</p>', 'samsung', NULL, NULL, '1', '1', 'active', 12, '2021-09-29 09:45:40', '2021-10-26 15:57:17'),
(44, 'DT120', 'public/image/products/img-pro-14.png', 'Samsung Galaxy A22', 10, 'vàng', 'mới', 20490000, '<p>Contrary to popular belief, Lorem Ipsum is not simply random text. It has roots in a piece of classical Latin literature from 45 BC, making it over 2000 years old. Richard McClintock, a Latin professor at Hampden-Sydney College in Virginia, looked up one of the more obscure Latin words</p>\r\n<p><img src=\"/unimart/public/storage/photos/1/dien-thoai/samsung-galaxy-note-20-125820-105803.jpg\" alt=\"\" width=\"800\" height=\"533\" /></p>\r\n<p>Contrary to popular belief, Lorem Ipsum is not simply random text. It has roots in a piece of classical Latin literature from 45 BC, making it over 2000 years old. Richard McClintock, a Latin professor at Hampden-Sydney College in Virginia, looked up one of the more obscure Latin words</p>\r\n<p><img src=\"/unimart/public/storage/photos/1/dien-thoai/samsung-galaxy-note-20-125820-105811.jpg\" alt=\"\" width=\"800\" height=\"533\" /></p>\r\n<p>Contrary to popular belief, Lorem Ipsum is not simply random text. It has roots in a piece of classical Latin literature from 45 BC, making it over 2000 years old. Richard McClintock, a Latin professor at Hampden-Sydney College in Virginia, looked up one of the more obscure Latin words</p>\r\n<p><img src=\"/unimart/public/storage/photos/1/dien-thoai/samsung-galaxy-note-20-224320-024303.jpg\" alt=\"\" width=\"800\" height=\"533\" /></p>\r\n<p>Contrary to popular belief, Lorem Ipsum is not simply random text. It has roots in a piece of classical Latin literature from 45 BC, making it over 2000 years old. Richard McClintock, a Latin professor at Hampden-Sydney College in Virginia, looked up one of the more obscure Latin words</p>\r\n<p><img src=\"/unimart/public/storage/photos/1/dien-thoai/samsung-galaxy-note-20-230020-020036 (1).jpg\" alt=\"\" width=\"800\" height=\"533\" /></p>\r\n<p>Contrary to popular belief, Lorem Ipsum is not simply random text. It has roots in a piece of classical Latin literature from 45 BC, making it over 2000 years old. Richard McClintock, a Latin professor at Hampden-Sydney College in Virginia, looked up one of the more obscure Latin words</p>\r\n<p><img src=\"/unimart/public/storage/photos/1/dien-thoai/samsung-galaxy-note-20-235520-015514.jpg\" alt=\"\" width=\"800\" height=\"533\" /></p>\r\n<p>Contrary to popular belief, Lorem Ipsum is not simply random text. It has roots in a piece of classical Latin literature from 45 BC, making it over 2000 years old. Richard McClintock, a Latin professor at Hampden-Sydney College in Virginia, looked up one of the more obscure Latin words</p>\r\n<p><img src=\"/unimart/public/storage/photos/1/dien-thoai/samsung-galaxy-note-20-235720-125702.jpg\" alt=\"\" width=\"800\" height=\"533\" /></p>\r\n<p>Contrary to popular belief, Lorem Ipsum is not simply random text. It has roots in a piece of classical Latin literature from 45 BC, making it over 2000 years old. Richard McClintock, a Latin professor at Hampden-Sydney College in Virginia, looked up one of the more obscure Latin words</p>', 'samsung', 'speak', NULL, '1', '1', 'active', 12, '2021-09-29 09:48:06', '2021-10-26 15:57:17'),
(45, 'DH001', 'public/image/products/don-ho-7.jpg', 'CITIZEN 26.5 mm Cặp đôi EQ0593-85P / BF2003-84', 10, 'vàng', 'mới', 6539000, '<p>Contrary to popular belief, Lorem Ipsum is not simply random text. It has roots in a piece of classical Latin literature from 45 BC, making it over 2000 years old. Richard McClintock, a Latin professor at Hampden-Sydney College in Virginia, looked up one of the more obscure Latin words</p>\r\n<p><img src=\"/unimart/public/storage/photos/11/dong-ho/casio-la680wga-1bdf-vang-2new.jpg\" alt=\"\" width=\"800\" height=\"1000\" /></p>\r\n<p>Contrary to popular belief, Lorem Ipsum is not simply random text. It has roots in a piece of classical Latin literature from 45 BC, making it over 2000 years old. Richard McClintock, a Latin professor at Hampden-Sydney College in Virginia, looked up one of the more obscure Latin words</p>\r\n<p><img src=\"/unimart/public/storage/photos/11/dong-ho/casio-la680wga-1bdf-vang-3new.jpg\" alt=\"\" width=\"800\" height=\"1000\" /></p>\r\n<p>Contrary to popular belief, Lorem Ipsum is not simply random text. It has roots in a piece of classical Latin literature from 45 BC, making it over 2000 years old. Richard McClintock, a Latin professor at Hampden-Sydney College in Virginia, looked up one of the more obscure Latin words</p>\r\n<p><img src=\"/unimart/public/storage/photos/11/dong-ho/casio-la680wga-1bdf-vang-4new.jpg\" alt=\"\" width=\"800\" height=\"1000\" /></p>\r\n<p>Contrary to popular belief, Lorem Ipsum is not simply random text. It has roots in a piece of classical Latin literature from 45 BC, making it over 2000 years old. Richard McClintock, a Latin professor at Hampden-Sydney College in Virginia, looked up one of the more obscure Latin words</p>\r\n<p><img src=\"/unimart/public/storage/photos/11/dong-ho/casio-la680wga-1bdf-vang-5new.jpg\" alt=\"\" width=\"800\" height=\"1000\" /></p>\r\n<p>Contrary to popular belief, Lorem Ipsum is not simply random text. It has roots in a piece of classical Latin literature from 45 BC, making it over 2000 years old. Richard McClintock, a Latin professor at Hampden-Sydney College in Virginia, looked up one of the more obscure Latin words</p>\r\n<p><img src=\"/unimart/public/storage/photos/11/dong-ho/casio-la680wga-1bdf-vang-6new.jpg\" alt=\"\" width=\"800\" height=\"1000\" /></p>\r\n<p>Contrary to popular belief, Lorem Ipsum is not simply random text. It has roots in a piece of classical Latin literature from 45 BC, making it over 2000 years old. Richard McClintock, a Latin professor at Hampden-Sydney College in Virginia, looked up one of the more obscure Latin words</p>\r\n<p><img src=\"/unimart/public/storage/photos/11/dong-ho/casio-la680wga-1bdf-vang-7new.jpg\" alt=\"\" width=\"800\" height=\"1000\" /></p>\r\n<p>Contrary to popular belief, Lorem Ipsum is not simply random text. It has roots in a piece of classical Latin literature from 45 BC, making it over 2000 years old. Richard McClintock, a Latin professor at Hampden-Sydney College in Virginia, looked up one of the more obscure Latin words</p>', 'sk', 'speak', NULL, '11', NULL, NULL, 15, '2021-09-29 13:38:27', '2021-10-26 15:57:17'),
(46, 'DH002', 'public/image/products/1634305266-dong-ho-1.jpg.jpg', 'CITIZEN 27 mm Cặp đôi EW3250-53E / BM9010-59E', 10, 'vàng', 'mới', 11700000, '<p>Contrary to popular belief, Lorem Ipsum is not simply random text. It has roots in a piece of classical Latin literature from 45 BC, making it over 2000 years old. Richard McClintock, a Latin professor at Hampden-Sydney College in Virginia, looked up one of the more obscure Latin words</p>\r\n<p><img src=\"/unimart/public/storage/photos/1/dong-ho/casio-la680wga-1bdf-vang-2new.jpg\" alt=\"\" width=\"800\" height=\"1000\" /></p>\r\n<p>Contrary to popular belief, Lorem Ipsum is not simply random text. It has roots in a piece of classical Latin literature from 45 BC, making it over 2000 years old. Richard McClintock, a Latin professor at Hampden-Sydney College in Virginia, looked up one of the more obscure Latin words</p>\r\n<p><img src=\"/unimart/public/storage/photos/1/dong-ho/casio-la680wga-1bdf-vang-3new.jpg\" alt=\"\" width=\"800\" height=\"1000\" /></p>\r\n<p>Contrary to popular belief, Lorem Ipsum is not simply random text. It has roots in a piece of classical Latin literature from 45 BC, making it over 2000 years old. Richard McClintock, a Latin professor at Hampden-Sydney College in Virginia, looked up one of the more obscure Latin words</p>\r\n<p><img src=\"/unimart/public/storage/photos/1/dong-ho/casio-la680wga-1bdf-vang-4new.jpg\" alt=\"\" width=\"800\" height=\"1000\" /></p>\r\n<p>Contrary to popular belief, Lorem Ipsum is not simply random text. It has roots in a piece of classical Latin literature from 45 BC, making it over 2000 years old. Richard McClintock, a Latin professor at Hampden-Sydney College in Virginia, looked up one of the more obscure Latin words</p>\r\n<p><img src=\"/unimart/public/storage/photos/1/dong-ho/casio-la680wga-1bdf-vang-5new.jpg\" alt=\"\" width=\"800\" height=\"1000\" /></p>\r\n<p>Contrary to popular belief, Lorem Ipsum is not simply random text. It has roots in a piece of classical Latin literature from 45 BC, making it over 2000 years old. Richard McClintock, a Latin professor at Hampden-Sydney College in Virginia, looked up one of the more obscure Latin words</p>\r\n<p><img src=\"/unimart/public/storage/photos/1/dong-ho/casio-la680wga-1bdf-vang-6new.jpg\" alt=\"\" width=\"800\" height=\"1000\" /></p>\r\n<p>Contrary to popular belief, Lorem Ipsum is not simply random text. It has roots in a piece of classical Latin literature from 45 BC, making it over 2000 years old. Richard McClintock, a Latin professor at Hampden-Sydney College in Virginia, looked up one of the more obscure Latin words</p>\r\n<p><img src=\"/unimart/public/storage/photos/1/dong-ho/casio-la680wga-1bdf-vang-7new.jpg\" alt=\"\" width=\"800\" height=\"1000\" /></p>\r\n<p>Contrary to popular belief, Lorem Ipsum is not simply random text. It has roots in a piece of classical Latin literature from 45 BC, making it over 2000 years old. Richard McClintock, a Latin professor at Hampden-Sydney College in Virginia, looked up one of the more obscure Latin words</p>', 'jk', NULL, 'selling', '11', '1', 'active', 15, '2021-09-29 13:41:04', '2021-10-26 15:57:17'),
(47, 'DH003', 'public/image/products/1634305361-dong-ho-2.jpg.jpg', 'CITIZEN 34 mm Cặp đôi FE6020-56B / AW1370-51B', 10, 'hồng', 'mới', 7244000, '<p>Contrary to popular belief, Lorem Ipsum is not simply random text. It has roots in a piece of classical Latin literature from 45 BC, making it over 2000 years old. Richard McClintock, a Latin professor at Hampden-Sydney College in Virginia, looked up one of the more obscure Latin words</p>\r\n<p><img src=\"/unimart/public/storage/photos/1/dong-ho/casio-la680wga-1bdf-vang-2new.jpg\" alt=\"\" width=\"800\" height=\"1000\" /></p>\r\n<p>Contrary to popular belief, Lorem Ipsum is not simply random text. It has roots in a piece of classical Latin literature from 45 BC, making it over 2000 years old. Richard McClintock, a Latin professor at Hampden-Sydney College in Virginia, looked up one of the more obscure Latin words</p>\r\n<p><img src=\"/unimart/public/storage/photos/1/dong-ho/casio-la680wga-1bdf-vang-3new.jpg\" alt=\"\" width=\"800\" height=\"1000\" /></p>\r\n<p>Contrary to popular belief, Lorem Ipsum is not simply random text. It has roots in a piece of classical Latin literature from 45 BC, making it over 2000 years old. Richard McClintock, a Latin professor at Hampden-Sydney College in Virginia, looked up one of the more obscure Latin words</p>\r\n<p><img src=\"/unimart/public/storage/photos/1/dong-ho/casio-la680wga-1bdf-vang-4new.jpg\" alt=\"\" width=\"800\" height=\"1000\" /></p>\r\n<p>Contrary to popular belief, Lorem Ipsum is not simply random text. It has roots in a piece of classical Latin literature from 45 BC, making it over 2000 years old. Richard McClintock, a Latin professor at Hampden-Sydney College in Virginia, looked up one of the more obscure Latin words</p>\r\n<p><img src=\"/unimart/public/storage/photos/1/dong-ho/casio-la680wga-1bdf-vang-5new.jpg\" alt=\"\" width=\"800\" height=\"1000\" /></p>\r\n<p>Contrary to popular belief, Lorem Ipsum is not simply random text. It has roots in a piece of classical Latin literature from 45 BC, making it over 2000 years old. Richard McClintock, a Latin professor at Hampden-Sydney College in Virginia, looked up one of the more obscure Latin words</p>\r\n<p><img src=\"/unimart/public/storage/photos/1/dong-ho/casio-la680wga-1bdf-vang-6new.jpg\" alt=\"\" width=\"800\" height=\"1000\" /></p>\r\n<p>Contrary to popular belief, Lorem Ipsum is not simply random text. It has roots in a piece of classical Latin literature from 45 BC, making it over 2000 years old. Richard McClintock, a Latin professor at Hampden-Sydney College in Virginia, looked up one of the more obscure Latin words</p>\r\n<p><img src=\"/unimart/public/storage/photos/1/dong-ho/casio-la680wga-1bdf-vang-7new.jpg\" alt=\"\" width=\"800\" height=\"1000\" /></p>\r\n<p>Contrary to popular belief, Lorem Ipsum is not simply random text. It has roots in a piece of classical Latin literature from 45 BC, making it over 2000 years old. Richard McClintock, a Latin professor at Hampden-Sydney College in Virginia, looked up one of the more obscure Latin words</p>', 'samsung', NULL, NULL, '11', '1', 'active', 15, '2021-09-29 13:43:36', '2021-10-26 15:57:17');
INSERT INTO `products` (`id`, `masp`, `thumbnail`, `name`, `qty`, `color`, `status`, `price`, `description`, `the_firm`, `product_speak`, `product_selling`, `creator`, `repairer`, `disabler`, `productcat_id`, `created_at`, `updated_at`) VALUES
(48, 'DH004', 'public/image/products/1634305478-dong-ho-3.jpg.jpg', 'CASIO 30 mm Unisex LTP-1303D-1AVDF/MTP-1303D-', 10, 'trắng', 'mới', 1776000, '<p>Contrary to popular belief, Lorem Ipsum is not simply random text. It has roots in a piece of classical Latin literature from 45 BC, making it over 2000 years old. Richard McClintock, a Latin professor at Hampden-Sydney College in Virginia, looked up one of the more obscure Latin words</p>\r\n<p><img src=\"/unimart/public/storage/photos/1/dong-ho/casio-la680wga-1bdf-vang-2new.jpg\" alt=\"\" width=\"800\" height=\"1000\" /></p>\r\n<p>Contrary to popular belief, Lorem Ipsum is not simply random text. It has roots in a piece of classical Latin literature from 45 BC, making it over 2000 years old. Richard McClintock, a Latin professor at Hampden-Sydney College in Virginia, looked up one of the more obscure Latin words</p>\r\n<p><img src=\"/unimart/public/storage/photos/1/dong-ho/casio-la680wga-1bdf-vang-3new.jpg\" alt=\"\" width=\"800\" height=\"1000\" /></p>\r\n<p>Contrary to popular belief, Lorem Ipsum is not simply random text. It has roots in a piece of classical Latin literature from 45 BC, making it over 2000 years old. Richard McClintock, a Latin professor at Hampden-Sydney College in Virginia, looked up one of the more obscure Latin words</p>\r\n<p><img src=\"/unimart/public/storage/photos/1/dong-ho/casio-la680wga-1bdf-vang-4new.jpg\" alt=\"\" width=\"800\" height=\"1000\" /></p>\r\n<p>Contrary to popular belief, Lorem Ipsum is not simply random text. It has roots in a piece of classical Latin literature from 45 BC, making it over 2000 years old. Richard McClintock, a Latin professor at Hampden-Sydney College in Virginia, looked up one of the more obscure Latin words</p>\r\n<p><img src=\"/unimart/public/storage/photos/1/dong-ho/casio-la680wga-1bdf-vang-5new.jpg\" alt=\"\" width=\"800\" height=\"1000\" /></p>\r\n<p>Contrary to popular belief, Lorem Ipsum is not simply random text. It has roots in a piece of classical Latin literature from 45 BC, making it over 2000 years old. Richard McClintock, a Latin professor at Hampden-Sydney College in Virginia, looked up one of the more obscure Latin words</p>\r\n<p><img src=\"/unimart/public/storage/photos/1/dong-ho/casio-la680wga-1bdf-vang-6new.jpg\" alt=\"\" width=\"800\" height=\"1000\" /></p>\r\n<p>Contrary to popular belief, Lorem Ipsum is not simply random text. It has roots in a piece of classical Latin literature from 45 BC, making it over 2000 years old. Richard McClintock, a Latin professor at Hampden-Sydney College in Virginia, looked up one of the more obscure Latin words</p>\r\n<p><img src=\"/unimart/public/storage/photos/1/dong-ho/casio-la680wga-1bdf-vang-7new.jpg\" alt=\"\" width=\"800\" height=\"1000\" /></p>\r\n<p>Contrary to popular belief, Lorem Ipsum is not simply random text. It has roots in a piece of classical Latin literature from 45 BC, making it over 2000 years old. Richard McClintock, a Latin professor at Hampden-Sydney College in Virginia, looked up one of the more obscure Latin words</p>', 'casio', NULL, NULL, '11', '1', 'active', 15, '2021-09-29 13:46:05', '2021-10-26 15:57:17'),
(49, 'DH005', 'public/image/products/1634305560-dong-ho-4.jpg.jpg', 'CASIO 33 mm Nam A159W-N1DF', 9, 'vàng', 'mới', 4090000, '<p>Contrary to popular belief, Lorem Ipsum is not simply random text. It has roots in a piece of classical Latin literature from 45 BC, making it over 2000 years old. Richard McClintock, a Latin professor at Hampden-Sydney College in Virginia, looked up one of the more obscure Latin words</p>\r\n<p><img src=\"/unimart/public/storage/photos/1/dong-ho/casio-la680wga-1bdf-vang-2new.jpg\" alt=\"\" width=\"800\" height=\"1000\" /></p>\r\n<p>Contrary to popular belief, Lorem Ipsum is not simply random text. It has roots in a piece of classical Latin literature from 45 BC, making it over 2000 years old. Richard McClintock, a Latin professor at Hampden-Sydney College in Virginia, looked up one of the more obscure Latin words</p>\r\n<p><img src=\"/unimart/public/storage/photos/1/dong-ho/casio-la680wga-1bdf-vang-3new.jpg\" alt=\"\" width=\"800\" height=\"1000\" /></p>\r\n<p>Contrary to popular belief, Lorem Ipsum is not simply random text. It has roots in a piece of classical Latin literature from 45 BC, making it over 2000 years old. Richard McClintock, a Latin professor at Hampden-Sydney College in Virginia, looked up one of the more obscure Latin words</p>\r\n<p><img src=\"/unimart/public/storage/photos/1/dong-ho/casio-la680wga-1bdf-vang-4new.jpg\" alt=\"\" width=\"800\" height=\"1000\" /></p>\r\n<p>Contrary to popular belief, Lorem Ipsum is not simply random text. It has roots in a piece of classical Latin literature from 45 BC, making it over 2000 years old. Richard McClintock, a Latin professor at Hampden-Sydney College in Virginia, looked up one of the more obscure Latin words</p>\r\n<p><img src=\"/unimart/public/storage/photos/1/dong-ho/casio-la680wga-1bdf-vang-5new.jpg\" alt=\"\" width=\"800\" height=\"1000\" /></p>\r\n<p>Contrary to popular belief, Lorem Ipsum is not simply random text. It has roots in a piece of classical Latin literature from 45 BC, making it over 2000 years old. Richard McClintock, a Latin professor at Hampden-Sydney College in Virginia, looked up one of the more obscure Latin words</p>\r\n<p><img src=\"/unimart/public/storage/photos/1/dong-ho/casio-la680wga-1bdf-vang-6new.jpg\" alt=\"\" width=\"800\" height=\"1000\" /></p>\r\n<p>Contrary to popular belief, Lorem Ipsum is not simply random text. It has roots in a piece of classical Latin literature from 45 BC, making it over 2000 years old. Richard McClintock, a Latin professor at Hampden-Sydney College in Virginia, looked up one of the more obscure Latin words</p>\r\n<p><img src=\"/unimart/public/storage/photos/1/dong-ho/casio-la680wga-1bdf-vang-7new.jpg\" alt=\"\" width=\"800\" height=\"1000\" /></p>\r\n<p>Contrary to popular belief, Lorem Ipsum is not simply random text. It has roots in a piece of classical Latin literature from 45 BC, making it over 2000 years old. Richard McClintock, a Latin professor at Hampden-Sydney College in Virginia, looked up one of the more obscure Latin words</p>\r\n<p>Contrary to popular belief, Lorem Ipsum is not simply random text. It has roots in a piece of classical Latin literature from 45 BC, making it over 2000 years old. Richard McClintock, a Latin professor at Hampden-Sydney College in Virginia, looked up one of the more obscure Latin words</p>', 'lenovo', NULL, NULL, '11', '1', 'active', 15, '2021-09-29 13:48:45', '2021-10-26 15:57:17'),
(50, 'DH006', 'public/image/products/1634305655-dong-ho-5.jpg.jpg', 'SHEEN CASIO 32 mm Nữ SHE-4804PG-9AUDR', 10, 'đỏ', 'mới', 3990000, '<p>Contrary to popular belief, Lorem Ipsum is not simply random text. It has roots in a piece of classical Latin literature from 45 BC, making it over 2000 years old. Richard McClintock, a Latin professor at Hampden-Sydney College in Virginia, looked up one of the more obscure Latin words</p>\r\n<p>&nbsp;</p>\r\n<p>Contrary to popular belief, Lorem Ipsum is not simply random text. It has roots in a piece of classical Latin literature from 45 BC, making it over 2000 years old. Richard McClintock, a Latin professor at Hampden-Sydney College in Virginia, looked up one of the more obscure Latin words</p>\r\n<p><img src=\"/unimart/public/storage/photos/1/dong-ho/casio-la680wga-1bdf-vang-2new.jpg\" alt=\"\" width=\"800\" height=\"1000\" /></p>\r\n<p>Contrary to popular belief, Lorem Ipsum is not simply random text. It has roots in a piece of classical Latin literature from 45 BC, making it over 2000 years old. Richard McClintock, a Latin professor at Hampden-Sydney College in Virginia, looked up one of the more obscure Latin words</p>\r\n<p><img src=\"/unimart/public/storage/photos/1/dong-ho/casio-la680wga-1bdf-vang-3new.jpg\" alt=\"\" width=\"800\" height=\"1000\" /></p>\r\n<p>Contrary to popular belief, Lorem Ipsum is not simply random text. It has roots in a piece of classical Latin literature from 45 BC, making it over 2000 years old. Richard McClintock, a Latin professor at Hampden-Sydney College in Virginia, looked up one of the more obscure Latin words</p>\r\n<p><img src=\"/unimart/public/storage/photos/1/dong-ho/casio-la680wga-1bdf-vang-4new.jpg\" alt=\"\" width=\"800\" height=\"1000\" /></p>\r\n<p>Contrary to popular belief, Lorem Ipsum is not simply random text. It has roots in a piece of classical Latin literature from 45 BC, making it over 2000 years old. Richard McClintock, a Latin professor at Hampden-Sydney College in Virginia, looked up one of the more obscure Latin words</p>\r\n<p><img src=\"/unimart/public/storage/photos/1/dong-ho/casio-la680wga-1bdf-vang-5new.jpg\" alt=\"\" width=\"800\" height=\"1000\" /></p>\r\n<p>Contrary to popular belief, Lorem Ipsum is not simply random text. It has roots in a piece of classical Latin literature from 45 BC, making it over 2000 years old. Richard McClintock, a Latin professor at Hampden-Sydney College in Virginia, looked up one of the more obscure Latin words</p>\r\n<p><img src=\"/unimart/public/storage/photos/1/dong-ho/casio-la680wga-1bdf-vang-6new.jpg\" alt=\"\" width=\"800\" height=\"1000\" /></p>\r\n<p>Contrary to popular belief, Lorem Ipsum is not simply random text. It has roots in a piece of classical Latin literature from 45 BC, making it over 2000 years old. Richard McClintock, a Latin professor at Hampden-Sydney College in Virginia, looked up one of the more obscure Latin words</p>', 'casio', NULL, NULL, '11', '1', 'active', 15, '2021-09-29 13:51:15', '2021-10-26 15:57:17'),
(51, 'DH007', 'public/image/products/1634305736-dong-ho-6.jpg.jpg', 'SHEEN CASIO 34.3 mm kính sapphire Nữ SHE-3511D-4AUDR', 10, 'hồng', 'mới', 4990000, '<p>Contrary to popular belief, Lorem Ipsum is not simply random text. It has roots in a piece of classical Latin literature from 45 BC, making it over 2000 years old. Richard McClintock, a Latin professor at Hampden-Sydney College in Virginia, looked up one of the more obscure Latin words</p>\r\n<p><img src=\"/unimart/public/storage/photos/1/dong-ho/casio-la680wga-1bdf-vang-2new.jpg\" alt=\"\" width=\"800\" height=\"1000\" /></p>\r\n<p>Contrary to popular belief, Lorem Ipsum is not simply random text. It has roots in a piece of classical Latin literature from 45 BC, making it over 2000 years old. Richard McClintock, a Latin professor at Hampden-Sydney College in Virginia, looked up one of the more obscure Latin words</p>\r\n<p><img src=\"/unimart/public/storage/photos/1/dong-ho/casio-la680wga-1bdf-vang-3new.jpg\" alt=\"\" width=\"800\" height=\"1000\" /></p>\r\n<p>Contrary to popular belief, Lorem Ipsum is not simply random text. It has roots in a piece of classical Latin literature from 45 BC, making it over 2000 years old. Richard McClintock, a Latin professor at Hampden-Sydney College in Virginia, looked up one of the more obscure Latin words</p>\r\n<p><img src=\"/unimart/public/storage/photos/1/dong-ho/casio-la680wga-1bdf-vang-4new.jpg\" alt=\"\" width=\"800\" height=\"1000\" /></p>\r\n<p>Contrary to popular belief, Lorem Ipsum is not simply random text. It has roots in a piece of classical Latin literature from 45 BC, making it over 2000 years old. Richard McClintock, a Latin professor at Hampden-Sydney College in Virginia, looked up one of the more obscure Latin words</p>\r\n<p><img src=\"/unimart/public/storage/photos/1/dong-ho/casio-la680wga-1bdf-vang-5new.jpg\" alt=\"\" width=\"800\" height=\"1000\" /></p>\r\n<p>Contrary to popular belief, Lorem Ipsum is not simply random text. It has roots in a piece of classical Latin literature from 45 BC, making it over 2000 years old. Richard McClintock, a Latin professor at Hampden-Sydney College in Virginia, looked up one of the more obscure Latin words</p>\r\n<p><img src=\"/unimart/public/storage/photos/1/dong-ho/casio-la680wga-1bdf-vang-6new.jpg\" alt=\"\" width=\"800\" height=\"1000\" /></p>\r\n<p>Contrary to popular belief, Lorem Ipsum is not simply random text. It has roots in a piece of classical Latin literature from 45 BC, making it over 2000 years old. Richard McClintock, a Latin professor at Hampden-Sydney College in Virginia, looked up one of the more obscure Latin words</p>\r\n<p><img src=\"/unimart/public/storage/photos/1/dong-ho/casio-la680wga-1bdf-vang-7new.jpg\" alt=\"\" width=\"800\" height=\"1000\" /></p>\r\n<p>Contrary to popular belief, Lorem Ipsum is not simply random text. It has roots in a piece of classical Latin literature from 45 BC, making it over 2000 years old. Richard McClintock, a Latin professor at Hampden-Sydney College in Virginia, looked up one of the more obscure Latin words</p>', 'casio', NULL, NULL, '11', '1', 'active', 15, '2021-09-29 13:53:15', '2021-10-26 15:57:17'),
(52, 'TBVP001', 'public/image/products/Chuot.jpg', 'Chuot MT001', 10, 'xanh', 'mới', 499000, '<p>Contrary to popular belief, Lorem Ipsum is not simply random text. It has roots in a piece of classical Latin literature from 45 BC, making it over 2000 years old. Richard McClintock, a Latin professor at Hampden-Sydney College in Virginia, looked up one of the more obscure Latin words, consectetur, from a Lorem Ipsum passage, and going through the cites of the word in classical literature, discovered the undoubtable source.</p>', 'mistubishi', NULL, NULL, '11', NULL, '1', 21, '2021-09-30 09:20:55', '2021-10-26 15:57:17'),
(53, 'TBVP002', 'public/image/products/Đieu-hoa.jpg', 'Máy giặt thông minh', 10, 'xanh', 'mới', 5990000, '<p>Contrary to popular belief, Lorem Ipsum is not simply random text. It has roots in a piece of classical Latin literature from 45 BC, making it over 2000 years old. Richard McClintock, a Latin professor at Hampden-Sydney College in Virginia, looked up one of the more obscure Latin words, consectetur, from a Lorem Ipsum passage, and going through the cites of the word in classical literature, discovered the undoubtable source.</p>', 'mistubishi', NULL, NULL, '11', NULL, '1', 21, '2021-09-30 09:22:13', '2021-10-26 15:57:17'),
(54, 'TBVP003', 'public/image/products/May-anh.jpg', 'Máy ảnh số', 10, 'đen', 'mới', 3990000, '<p>Contrary to popular belief, Lorem Ipsum is not simply random text. It has roots in a piece of classical Latin literature from 45 BC, making it over 2000 years old. Richard McClintock, a Latin professor at Hampden-Sydney College in Virginia, looked up one of the more obscure Latin words, consectetur, from a Lorem Ipsum passage, and going through the cites of the word in classical literature, discovered the undoubtable source.</p>', 'samsung', NULL, NULL, '11', NULL, '1', 21, '2021-09-30 09:23:25', '2021-10-26 15:57:17'),
(55, 'TBVP004', 'public/image/products/tai-nghe-1.jpg.jpg', 'Tai nghe001', 10, 'đen', 'mới', 590000, '<p>Contrary to popular belief, Lorem Ipsum is not simply random text. It has roots in a piece of classical Latin literature from 45 BC, making it over 2000 years old. Richard McClintock, a Latin professor at Hampden-Sydney College in Virginia, looked up one of the more obscure Latin words, consectetur, from a Lorem Ipsum passage, and going through the cites of the word in classical literature, discovered the undoubtable source.&nbsp;</p>', 'lenovo', NULL, NULL, '11', NULL, '1', 21, '2021-09-30 09:24:29', '2021-10-26 15:57:17'),
(56, 'TBVP005', 'public/image/products/tai-nghe-2.jpg.jpg', 'Tai nghe002', 10, 'đen', 'mới', 690000, '<p>Contrary to popular belief, Lorem Ipsum is not simply random text. It has roots in a piece of classical Latin literature from 45 BC, making it over 2000 years old. Richard McClintock, a Latin professor at Hampden-Sydney College in Virginia, looked up one of the more obscure Latin words, consectetur, from a Lorem Ipsum passage, and going through the cites of the word in classical literature, discovered the undoubtable source.</p>', 'samsung', NULL, NULL, '1', NULL, '1', 21, '2021-09-30 09:25:31', '2021-10-26 15:57:17'),
(57, 'TBVP006', 'public/image/products/tai-nghe-3.jpg.jpg', 'Tai nghe003', 10, 'đen', 'mới', 690000, '<p>Contrary to popular belief, Lorem Ipsum is not simply random text. It has roots in a piece of classical Latin literature from 45 BC, making it over 2000 years old. Richard McClintock, a Latin professor at Hampden-Sydney College in Virginia, looked up one of the more obscure Latin words, consectetur, from a Lorem Ipsum passage, and going through the cites of the word in classical literature, discovered the undoubtable source.&nbsp;</p>', 'huawei', NULL, NULL, '1', NULL, '1', 21, '2021-09-30 09:26:40', '2021-10-26 15:57:17'),
(58, 'TBVP007', 'public/image/products/1632994195-Đieu-hoa.jpg', 'Tai nghe004 update', 10, 'đen', 'mới', 790000, '<p>Contrary to popular belief, Lorem Ipsum is not simply random text. It has roots in a piece of classical Latin literature from 45 BC, making it over 2000 years old. Richard McClintock, a Latin professor at Hampden-Sydney College in Virginia, looked up one of the more obscure Latin words, consectetur, from a Lorem Ipsum passage, and going through the cites of the word in classical literature, discovered the undoubtable source.</p>', 'samsung', NULL, NULL, '1', '3', '4', 21, '2021-09-30 09:27:32', '2021-10-26 15:57:17'),
(63, 'TBVP11', 'public/image/products/1632994718-mu-bao-hiem-3.jpg.jpg', 'Mu bao hiem 005', 10, 'đen', 'mới', 1190000, '<p>Contrary to popular belief, Lorem Ipsum is not simply random text. It has roots in a piece of classical Latin literature from 45 BC, making it over 2000 years old. Richard McClintock, a Latin professor at Hampden-Sydney College in Virginia, looked up one of the more obscure Latin words, consectetur, from a Lorem Ipsum passage, and going through the cites of the word in classical literature, discovered the undoubtable source.</p>', 'asus', NULL, NULL, '1', '1', '4', 21, '2021-09-30 09:38:08', '2021-10-26 15:57:17'),
(65, 'testthaydoi', 'public/image/products/tui-dung-3.jpg.jpg', 'mu thay doi', 5, '10', 'moi', 500000, '<p>ddddddddddddddđdddddddddddddddddddd</p>', '19', 'speak', 'selling', '1', NULL, '1', 19, '2021-10-11 18:31:29', '2021-10-26 15:57:17'),
(73, 'testdisable', 'public/image/products/mu-bao-hiem-2.jpg.jpg', 'testmudisable', 10, 'đỏ', 'mới', 500000, '<p>cccccccccccccccccccccccccccccccccccccccccccccccccccc</p>', 'casio', NULL, NULL, '1', NULL, '1', 23, '2021-10-15 15:10:18', '2021-10-26 15:57:17'),
(74, 'tuisachthoitrang', 'public/image/products/1634310688-tui-dung-1.jpg.jpg', 'túi sách thời trang', 10, 'vàng', 'mới', 800000, '<p>bbbbbbbbbbbbbbbbbbbbbbbbb</p>', 'sk', NULL, NULL, '1', NULL, '1', 22, '2021-10-15 15:11:28', '2021-10-26 15:57:17');

-- --------------------------------------------------------

--
-- Cấu trúc bảng cho bảng `product_colors`
--

CREATE TABLE `product_colors` (
  `id` bigint(20) UNSIGNED NOT NULL,
  `namecolor` varchar(255) COLLATE utf8mb4_unicode_ci NOT NULL,
  `creator` varchar(60) COLLATE utf8mb4_unicode_ci DEFAULT NULL,
  `repairer` varchar(60) COLLATE utf8mb4_unicode_ci DEFAULT NULL,
  `disabler` varchar(60) COLLATE utf8mb4_unicode_ci DEFAULT NULL,
  `created_at` timestamp NULL DEFAULT NULL,
  `updated_at` timestamp NULL DEFAULT NULL
) ENGINE=InnoDB DEFAULT CHARSET=utf8mb4 COLLATE=utf8mb4_unicode_ci;

--
-- Đang đổ dữ liệu cho bảng `product_colors`
--

INSERT INTO `product_colors` (`id`, `namecolor`, `creator`, `repairer`, `disabler`, `created_at`, `updated_at`) VALUES
(8, 'xanh', '1', '1', 'active', '2021-10-11 15:47:41', '2021-10-12 16:52:37'),
(9, 'đỏ', '1', NULL, 'active', '2021-10-11 15:48:03', '2021-10-11 15:48:03'),
(10, 'đen', '1', NULL, 'active', '2021-10-11 15:48:08', '2021-10-11 15:48:08'),
(11, 'vàng', '1', NULL, 'active', '2021-10-11 15:48:12', '2021-10-11 15:48:12'),
(12, 'trắng', '1', NULL, 'active', '2021-10-11 15:48:18', '2021-10-11 15:48:18'),
(13, 'vàng nhôm', '1', NULL, 'active', '2021-10-11 15:48:26', '2021-10-11 15:48:26'),
(14, 'trắng bạc', '1', NULL, 'active', '2021-10-11 15:48:38', '2021-10-11 15:48:38'),
(15, 'hồng', '1', NULL, 'active', '2021-10-11 15:48:46', '2021-10-11 15:48:46');

-- --------------------------------------------------------

--
-- Cấu trúc bảng cho bảng `product_company`
--

CREATE TABLE `product_company` (
  `id` bigint(20) UNSIGNED NOT NULL,
  `namecompany` varchar(50) COLLATE utf8mb4_unicode_ci DEFAULT NULL,
  `creator` varchar(50) COLLATE utf8mb4_unicode_ci DEFAULT NULL,
  `repairer` varchar(50) COLLATE utf8mb4_unicode_ci DEFAULT NULL,
  `disabler` varchar(50) COLLATE utf8mb4_unicode_ci DEFAULT NULL,
  `created_at` timestamp NULL DEFAULT NULL,
  `updated_at` timestamp NULL DEFAULT NULL
) ENGINE=InnoDB DEFAULT CHARSET=utf8mb4 COLLATE=utf8mb4_unicode_ci;

--
-- Đang đổ dữ liệu cho bảng `product_company`
--

INSERT INTO `product_company` (`id`, `namecompany`, `creator`, `repairer`, `disabler`, `created_at`, `updated_at`) VALUES
(3, 'asus', '1', '1', 'active', '2021-10-11 14:16:47', '2021-10-12 16:52:19'),
(4, 'lenovo', '1', NULL, 'active', '2021-10-11 14:16:54', '2021-10-11 14:16:54'),
(8, 'sony', '1', NULL, 'active', '2021-10-11 15:50:27', '2021-10-11 15:50:27'),
(9, 'huawei', '1', NULL, 'active', '2021-10-11 15:50:48', '2021-10-11 15:50:48'),
(10, 'samsung', '1', NULL, 'active', '2021-10-11 15:50:58', '2021-10-11 15:50:58'),
(11, 'iphone', '1', NULL, 'active', '2021-10-11 15:51:11', '2021-10-11 15:51:11'),
(12, 'acer', '1', NULL, 'active', '2021-10-11 15:53:11', '2021-10-11 15:53:11'),
(13, 'htc', '1', NULL, 'active', '2021-10-11 16:48:10', '2021-10-11 16:48:10'),
(14, 'xiami', '1', NULL, 'active', '2021-10-11 16:48:16', '2021-10-11 16:48:16'),
(15, 'motorolla', '1', NULL, 'active', '2021-10-11 16:48:41', '2021-10-11 16:48:41'),
(16, 'dell', '1', NULL, 'active', '2021-10-11 16:49:03', '2021-10-11 16:49:03'),
(17, 'vivo', '1', NULL, 'active', '2021-10-11 16:49:25', '2021-10-11 16:49:25'),
(18, 'casio', '1', NULL, 'active', '2021-10-11 16:49:33', '2021-10-11 16:49:33'),
(19, 'sk', '1', NULL, 'active', '2021-10-11 16:49:45', '2021-10-11 16:49:45'),
(20, 'jk', '1', NULL, 'active', '2021-10-11 16:49:53', '2021-10-11 16:49:53');

-- --------------------------------------------------------

--
-- Cấu trúc bảng cho bảng `roles`
--

CREATE TABLE `roles` (
  `id` bigint(20) UNSIGNED NOT NULL,
  `namerole` varchar(255) COLLATE utf8mb4_unicode_ci NOT NULL,
  `user_id` bigint(20) UNSIGNED NOT NULL,
  `created_at` timestamp NULL DEFAULT NULL,
  `updated_at` timestamp NULL DEFAULT NULL
) ENGINE=InnoDB DEFAULT CHARSET=utf8mb4 COLLATE=utf8mb4_unicode_ci;

--
-- Đang đổ dữ liệu cho bảng `roles`
--

INSERT INTO `roles` (`id`, `namerole`, `user_id`, `created_at`, `updated_at`) VALUES
(1, 'administrators', 1, '2021-09-29 14:46:37', '2021-09-29 14:46:37'),
(2, 'addcatpost', 11, '2021-09-29 14:46:53', '2021-09-29 14:46:53'),
(3, 'addpost', 11, '2021-09-29 14:47:02', '2021-09-29 14:47:02'),
(4, 'addcatproduct', 11, '2021-09-29 14:47:17', '2021-09-29 14:47:17'),
(5, 'addproduct', 11, '2021-09-29 14:48:03', '2021-09-29 14:48:03'),
(6, 'addslider', 11, '2021-09-29 14:48:09', '2021-09-29 14:48:09'),
(7, 'addpage', 11, '2021-09-29 14:48:17', '2021-09-29 14:48:17'),
(8, 'addadvertisement', 11, '2021-09-29 14:48:24', '2021-09-29 14:48:24'),
(13, 'editslider', 3, '2021-09-29 14:54:32', '2021-09-29 14:54:32'),
(14, 'editpage', 3, '2021-09-29 14:55:01', '2021-09-29 14:55:01'),
(15, 'editadvertisement', 3, '2021-09-29 14:55:23', '2021-09-29 14:55:23'),
(16, 'deletecatpost', 4, '2021-09-29 14:56:03', '2021-09-29 14:56:03'),
(17, 'deletepost', 4, '2021-09-29 14:56:12', '2021-09-29 14:56:12'),
(18, 'deletecatproduct', 4, '2021-09-29 14:56:29', '2021-09-29 14:56:29'),
(19, 'deleteproduct', 4, '2021-09-29 14:57:34', '2021-09-29 14:57:34'),
(20, 'deleteslider', 4, '2021-09-29 14:57:44', '2021-09-29 14:57:44'),
(21, 'deleteadvertisement', 4, '2021-09-29 14:57:59', '2021-09-29 14:57:59'),
(22, 'deletepage', 4, '2021-09-29 14:58:15', '2021-09-29 14:58:15'),
(23, 'order_processing', 11, '2021-09-29 15:00:08', '2021-09-29 15:00:08'),
(24, 'editpost', 3, '2021-09-29 15:09:53', '2021-09-29 15:09:53'),
(25, 'editcatpost', 3, '2021-09-29 15:10:28', '2021-09-29 15:10:28'),
(26, 'deletecatproduct', 3, '2021-09-30 16:50:23', '2021-09-30 16:50:23'),
(27, 'editproduct', 3, '2021-09-30 17:49:43', '2021-09-30 17:49:43'),
(28, 'order_processing', 13, '2021-10-12 18:29:58', '2021-10-12 19:08:01');

-- --------------------------------------------------------

--
-- Cấu trúc bảng cho bảng `sliders`
--

CREATE TABLE `sliders` (
  `id` bigint(20) UNSIGNED NOT NULL,
  `name_slider` varchar(255) COLLATE utf8mb4_unicode_ci NOT NULL,
  `image_slider` varchar(255) COLLATE utf8mb4_unicode_ci NOT NULL,
  `creator` varchar(255) COLLATE utf8mb4_unicode_ci DEFAULT NULL,
  `repairer` varchar(255) COLLATE utf8mb4_unicode_ci DEFAULT NULL,
  `disabler` varchar(255) COLLATE utf8mb4_unicode_ci DEFAULT NULL,
  `created_at` timestamp NULL DEFAULT NULL,
  `updated_at` timestamp NULL DEFAULT NULL
) ENGINE=InnoDB DEFAULT CHARSET=utf8mb4 COLLATE=utf8mb4_unicode_ci;

--
-- Đang đổ dữ liệu cho bảng `sliders`
--

INSERT INTO `sliders` (`id`, `name_slider`, `image_slider`, `creator`, `repairer`, `disabler`, `created_at`, `updated_at`) VALUES
(13, 'slider-1', 'public/image/sliders/slider-01.png', '11', NULL, 'active', '2021-09-28 17:47:48', '2021-09-28 17:47:48'),
(14, 'slider-2', 'public/image/sliders/slider-02.png', '11', NULL, 'active', '2021-09-28 17:47:59', '2021-09-28 17:47:59'),
(15, 'slider-3', 'public/image/sliders/slider-03.png', '11', NULL, 'active', '2021-09-28 17:48:09', '2021-09-28 17:48:09'),
(16, 'slider-disable-1 update', 'public/image/sliders/dong-ho-6.jpg.jpg', '11', '1', '1', '2021-09-28 17:50:09', '2021-10-12 19:13:57'),
(17, 'slider-disable-2', 'public/image/sliders/banner-4.jpg', '11', NULL, '1', '2021-09-28 17:50:25', '2021-09-30 19:14:51'),
(18, 'thémlider', 'public/image/sliders/icon-4.png', '11', NULL, '1', '2021-09-29 18:02:01', '2021-09-29 18:03:25');

-- --------------------------------------------------------

--
-- Cấu trúc bảng cho bảng `users`
--

CREATE TABLE `users` (
  `id` bigint(20) UNSIGNED NOT NULL,
  `name` varchar(255) COLLATE utf8mb4_unicode_ci NOT NULL,
  `email` varchar(255) COLLATE utf8mb4_unicode_ci NOT NULL,
  `email_verified_at` timestamp NULL DEFAULT NULL,
  `password` varchar(255) COLLATE utf8mb4_unicode_ci NOT NULL,
  `remember_token` varchar(100) COLLATE utf8mb4_unicode_ci DEFAULT NULL,
  `created_at` timestamp NULL DEFAULT NULL,
  `updated_at` timestamp NULL DEFAULT NULL,
  `deleted_at` timestamp NULL DEFAULT NULL
) ENGINE=InnoDB DEFAULT CHARSET=utf8mb4 COLLATE=utf8mb4_unicode_ci;

--
-- Đang đổ dữ liệu cho bảng `users`
--

INSERT INTO `users` (`id`, `name`, `email`, `email_verified_at`, `password`, `remember_token`, `created_at`, `updated_at`, `deleted_at`) VALUES
(1, 'Quách Minh Tuấn', 'tuanss41@gmail.com', NULL, '$2y$10$ud1QRfA.huCK1Ae9eNrUKeUVRKxzBMpW/RoDGY/VTknFl24ieKEWy', NULL, '2021-09-26 13:36:54', '2021-09-26 13:36:54', NULL),
(2, 'Quách Minh Hùng', 'hung@gmail.com', NULL, '$2y$10$PSEOhoREdONjirnBUm340eq20MhAxKAsHRgMmMHrFW8gxWf6Wsor.', NULL, '2021-09-26 14:25:35', '2021-09-30 15:57:42', NULL),
(3, 'Quách Diệu Linh', 'linh@gmail.com', NULL, '$2y$10$xKWaO30BH7yDvCbyS5sSV.T9bp.0kan/krVGht8KbBTQkg5.orkkq', NULL, '2021-09-26 14:26:10', '2021-09-30 16:18:36', NULL),
(4, 'Quách Thùy Linh', 'thuylinh@gmail.com', NULL, '$2y$10$QpvJiF2i1OgEHoHC/3TzZ..Qca84152Q7lERYOEVrmveupD0Tpzg.', NULL, '2021-09-26 14:27:11', '2021-09-30 16:40:31', NULL),
(5, 'Trần Thị Dung', 'dung@gmail.com', NULL, '$2y$10$1HGFtf79Edp672E1nInnn.XCV38PYQ4UZxLDCxAeNiDYSqlMjDPHW', NULL, '2021-09-26 14:27:38', '2021-09-30 16:45:12', NULL),
(6, 'Nguyễn Ngọc Đức', 'duc@gmail.com', NULL, '$2y$10$8EN.vqVMTFjytQn1NTg2au7DaeBn4mraDVISIxAh6NbrXktQKrfA.', NULL, '2021-09-26 14:28:26', '2021-09-30 16:44:34', NULL),
(7, 'Nguyễn Văn Nam', 'nam@gmail.com', NULL, '$2y$10$Sgv8lJEmRapCRwlejvIHbupo/wVFiJfI7hL56i5kqNVWCQjnI7sEq', NULL, '2021-09-26 14:28:52', '2021-09-30 16:42:00', NULL),
(11, 'Nguyễn Văn Diễn', 'dien@gmail.com', NULL, '$2y$10$L21T6Y2gxol9LAKJiG/oAu.apnYF3i.bIqFtn1a8b2BbuX3yALcW2', NULL, '2021-09-26 17:15:47', '2021-09-26 17:15:47', NULL),
(12, 'Nguyen Thi Mai', 'mai@gmail.com', NULL, '$2y$10$PxCsxq8z1DmHohsh9pP/oep5sCfyrkKsRo0msVOBaTT2wQDKBtlBq', NULL, '2021-09-30 15:56:58', '2021-09-30 16:38:41', NULL),
(13, 'Nguễn Anh Dũng', 'anhdung@gmail.com', NULL, '$2y$10$aXtmx25Cq1jDfk5TqZMgMeowjlcgUL8gNe6SOmcBhbUoHpaZZYzcm', NULL, '2021-10-12 15:58:45', '2021-10-12 15:59:26', NULL);

--
-- Chỉ mục cho các bảng đã đổ
--

--
-- Chỉ mục cho bảng `advertisements`
--
ALTER TABLE `advertisements`
  ADD PRIMARY KEY (`id`);

--
-- Chỉ mục cho bảng `customers`
--
ALTER TABLE `customers`
  ADD PRIMARY KEY (`id`);

--
-- Chỉ mục cho bảng `failed_jobs`
--
ALTER TABLE `failed_jobs`
  ADD PRIMARY KEY (`id`);

--
-- Chỉ mục cho bảng `migrations`
--
ALTER TABLE `migrations`
  ADD PRIMARY KEY (`id`);

--
-- Chỉ mục cho bảng `orders`
--
ALTER TABLE `orders`
  ADD PRIMARY KEY (`id`),
  ADD KEY `orders_customer_id_foreign` (`customer_id`);

--
-- Chỉ mục cho bảng `pages`
--
ALTER TABLE `pages`
  ADD PRIMARY KEY (`id`);

--
-- Chỉ mục cho bảng `password_resets`
--
ALTER TABLE `password_resets`
  ADD KEY `password_resets_email_index` (`email`);

--
-- Chỉ mục cho bảng `postcats`
--
ALTER TABLE `postcats`
  ADD PRIMARY KEY (`id`);

--
-- Chỉ mục cho bảng `posts`
--
ALTER TABLE `posts`
  ADD PRIMARY KEY (`id`),
  ADD KEY `posts_postcat_id_foreign` (`postcat_id`);

--
-- Chỉ mục cho bảng `productcats`
--
ALTER TABLE `productcats`
  ADD PRIMARY KEY (`id`);

--
-- Chỉ mục cho bảng `products`
--
ALTER TABLE `products`
  ADD PRIMARY KEY (`id`),
  ADD KEY `products_productcat_id_foreign` (`productcat_id`);

--
-- Chỉ mục cho bảng `product_colors`
--
ALTER TABLE `product_colors`
  ADD PRIMARY KEY (`id`);

--
-- Chỉ mục cho bảng `product_company`
--
ALTER TABLE `product_company`
  ADD PRIMARY KEY (`id`);

--
-- Chỉ mục cho bảng `roles`
--
ALTER TABLE `roles`
  ADD PRIMARY KEY (`id`),
  ADD KEY `roles_user_id_foreign` (`user_id`);

--
-- Chỉ mục cho bảng `sliders`
--
ALTER TABLE `sliders`
  ADD PRIMARY KEY (`id`);

--
-- Chỉ mục cho bảng `users`
--
ALTER TABLE `users`
  ADD PRIMARY KEY (`id`),
  ADD UNIQUE KEY `users_email_unique` (`email`);

--
-- AUTO_INCREMENT cho các bảng đã đổ
--

--
-- AUTO_INCREMENT cho bảng `advertisements`
--
ALTER TABLE `advertisements`
  MODIFY `id` bigint(20) UNSIGNED NOT NULL AUTO_INCREMENT, AUTO_INCREMENT=20;

--
-- AUTO_INCREMENT cho bảng `customers`
--
ALTER TABLE `customers`
  MODIFY `id` bigint(20) UNSIGNED NOT NULL AUTO_INCREMENT, AUTO_INCREMENT=71;

--
-- AUTO_INCREMENT cho bảng `failed_jobs`
--
ALTER TABLE `failed_jobs`
  MODIFY `id` bigint(20) UNSIGNED NOT NULL AUTO_INCREMENT;

--
-- AUTO_INCREMENT cho bảng `migrations`
--
ALTER TABLE `migrations`
  MODIFY `id` int(10) UNSIGNED NOT NULL AUTO_INCREMENT, AUTO_INCREMENT=23;

--
-- AUTO_INCREMENT cho bảng `orders`
--
ALTER TABLE `orders`
  MODIFY `id` bigint(20) UNSIGNED NOT NULL AUTO_INCREMENT, AUTO_INCREMENT=119;

--
-- AUTO_INCREMENT cho bảng `pages`
--
ALTER TABLE `pages`
  MODIFY `id` bigint(20) UNSIGNED NOT NULL AUTO_INCREMENT, AUTO_INCREMENT=23;

--
-- AUTO_INCREMENT cho bảng `postcats`
--
ALTER TABLE `postcats`
  MODIFY `id` bigint(20) UNSIGNED NOT NULL AUTO_INCREMENT, AUTO_INCREMENT=30;

--
-- AUTO_INCREMENT cho bảng `posts`
--
ALTER TABLE `posts`
  MODIFY `id` bigint(20) UNSIGNED NOT NULL AUTO_INCREMENT, AUTO_INCREMENT=42;

--
-- AUTO_INCREMENT cho bảng `productcats`
--
ALTER TABLE `productcats`
  MODIFY `id` bigint(20) UNSIGNED NOT NULL AUTO_INCREMENT, AUTO_INCREMENT=24;

--
-- AUTO_INCREMENT cho bảng `products`
--
ALTER TABLE `products`
  MODIFY `id` bigint(20) UNSIGNED NOT NULL AUTO_INCREMENT, AUTO_INCREMENT=78;

--
-- AUTO_INCREMENT cho bảng `product_colors`
--
ALTER TABLE `product_colors`
  MODIFY `id` bigint(20) UNSIGNED NOT NULL AUTO_INCREMENT, AUTO_INCREMENT=20;

--
-- AUTO_INCREMENT cho bảng `product_company`
--
ALTER TABLE `product_company`
  MODIFY `id` bigint(20) UNSIGNED NOT NULL AUTO_INCREMENT, AUTO_INCREMENT=25;

--
-- AUTO_INCREMENT cho bảng `roles`
--
ALTER TABLE `roles`
  MODIFY `id` bigint(20) UNSIGNED NOT NULL AUTO_INCREMENT, AUTO_INCREMENT=29;

--
-- AUTO_INCREMENT cho bảng `sliders`
--
ALTER TABLE `sliders`
  MODIFY `id` bigint(20) UNSIGNED NOT NULL AUTO_INCREMENT, AUTO_INCREMENT=26;

--
-- AUTO_INCREMENT cho bảng `users`
--
ALTER TABLE `users`
  MODIFY `id` bigint(20) UNSIGNED NOT NULL AUTO_INCREMENT, AUTO_INCREMENT=14;

--
-- Các ràng buộc cho các bảng đã đổ
--

--
-- Các ràng buộc cho bảng `orders`
--
ALTER TABLE `orders`
  ADD CONSTRAINT `orders_customer_id_foreign` FOREIGN KEY (`customer_id`) REFERENCES `customers` (`id`) ON DELETE CASCADE;

--
-- Các ràng buộc cho bảng `posts`
--
ALTER TABLE `posts`
  ADD CONSTRAINT `posts_postcat_id_foreign` FOREIGN KEY (`postcat_id`) REFERENCES `postcats` (`id`) ON DELETE CASCADE;

--
-- Các ràng buộc cho bảng `products`
--
ALTER TABLE `products`
  ADD CONSTRAINT `products_productcat_id_foreign` FOREIGN KEY (`productcat_id`) REFERENCES `productcats` (`id`) ON DELETE CASCADE;

--
-- Các ràng buộc cho bảng `roles`
--
ALTER TABLE `roles`
  ADD CONSTRAINT `roles_user_id_foreign` FOREIGN KEY (`user_id`) REFERENCES `users` (`id`) ON DELETE CASCADE;
COMMIT;

/*!40101 SET CHARACTER_SET_CLIENT=@OLD_CHARACTER_SET_CLIENT */;
/*!40101 SET CHARACTER_SET_RESULTS=@OLD_CHARACTER_SET_RESULTS */;
/*!40101 SET COLLATION_CONNECTION=@OLD_COLLATION_CONNECTION */;
